"variant","naive","caching","forking","equivalent","first.order","run","subject"
1,309.871,157.671,344.883,1,1,1,"tax"
2,379.52,237.454,354.535,0,1,1,"tax"
3,415.99,225.98,225.98,0,0,1,"tax"
4,1248.779,737.767,437.234,0,1,1,"tax"
5,393.178,277.602,340.738,0,1,1,"tax"
6,645.772,166.998,265.956,0,1,1,"tax"
7,470.337,390.04,256.587,0,1,1,"tax"
8,429.589,228.314,392.314,0,1,1,"tax"
9,375.939,224.311,236.026,0,1,1,"tax"
10,451.607,145.025,373.021,0,1,1,"tax"
11,383.481,257.687,352.17,0,1,1,"tax"
12,504.47,195.269,195.269,0,0,1,"tax"
13,805.644,233.258,289.305,0,1,1,"tax"
14,392.144,129.063,162.493,1,1,1,"tax"
15,436.824,211.292,211.292,0,0,1,"tax"
16,449.771,131.638,225.584,1,1,1,"tax"
17,358.394,286.218,193.841,0,1,1,"tax"
18,398.414,206.1,206.1,0,0,1,"tax"
19,1074.112,931.959,471.477,0,1,1,"tax"
20,539.986,325.895,270.31,0,1,1,"tax"
21,471.095,244.438,270.241,0,1,1,"tax"
22,419.294,366.136,260.664,0,1,1,"tax"
23,757.294,723.868,830.981,0,1,1,"tax"
24,585.829,258.767,225.744,0,1,1,"tax"
25,478.884,302.087,203.389,0,1,1,"tax"
26,381.045,455.812,242.247,0,1,1,"tax"
27,407.118,235.671,164.307,0,1,1,"tax"
28,534.458,248.184,140.965,0,1,1,"tax"
29,526.2,252.26,175.51,0,1,1,"tax"
30,384.213,226.086,152.766,0,1,1,"tax"
31,338.606,220.765,220.765,0,0,1,"tax"
32,702.89,171.866,162.18,0,1,1,"tax"
33,375.835,125.03,132.006,1,1,1,"tax"
34,378.068,170.843,170.843,0,0,1,"tax"
35,294.413,180.634,104.607,1,1,1,"tax"
36,388.88,197.101,172.131,0,1,1,"tax"
37,509.468,212.209,212.209,0,0,1,"tax"
38,1237.399,459.185,958.479,0,1,1,"tax"
39,533.287,270.658,212.016,0,1,1,"tax"
40,529.498,291.647,195.627,0,1,1,"tax"
41,485.03,256.2,160.4,0,1,1,"tax"
42,706.922,369.977,189.72,0,1,1,"tax"
43,919.385,269.767,154.654,0,1,1,"tax"
44,445.328,244.74,193.495,0,1,1,"tax"
45,579.948,296.789,187.688,0,1,1,"tax"
46,406.527,215.252,152.722,0,1,1,"tax"
47,326.6,206.937,116.202,0,1,1,"tax"
48,421.155,226.016,125.521,0,1,1,"tax"
49,458.822,290.077,161.303,0,1,1,"tax"
50,393.821,199.664,199.664,0,0,1,"tax"
51,465.584,269.789,120.604,0,1,1,"tax"
52,310.1,137.798,117.643,1,1,1,"tax"
53,396.792,147.585,147.585,0,0,1,"tax"
54,497.994,142.899,138.195,1,1,1,"tax"
55,495.922,205.718,160.392,0,1,1,"tax"
56,419.442,213.368,213.368,0,0,1,"tax"
57,896.021,379.157,323.036,0,1,1,"tax"
58,308.073,288.575,183.29,0,1,1,"tax"
59,472.443,360.573,128.301,0,1,1,"tax"
60,557.545,256.398,122.236,0,1,1,"tax"
61,1092.132,465.425,210.991,0,1,1,"tax"
62,274.892,232.994,99.941,0,1,1,"tax"
63,492.837,388.563,117.355,0,1,1,"tax"
64,555.912,225.131,145.791,0,1,1,"tax"
65,402.489,324.403,117.166,0,1,1,"tax"
66,352.226,201.176,123.655,0,1,1,"tax"
67,661.449,333.108,163.152,0,1,1,"tax"
68,464.436,182.47,150.784,0,1,1,"tax"
69,332.822,148.434,148.434,0,0,1,"tax"
70,505.934,170.414,124.378,0,1,1,"tax"
71,438.71,108.695,66.917,1,1,1,"tax"
72,351.699,173.308,173.308,0,0,1,"tax"
73,302.93,111.081,134.112,1,1,1,"tax"
74,379.579,178.801,74.964,0,1,1,"tax"
75,443.238,184.716,184.716,0,0,1,"tax"
76,902.209,349.146,155.214,0,1,1,"tax"
77,380.794,207.622,103.137,0,1,1,"tax"
78,337.993,196.299,154.634,0,1,1,"tax"
79,450.424,184.159,96.158,0,1,1,"tax"
80,942.741,241.324,246.105,0,1,1,"tax"
81,357.234,188.507,91.05,0,1,1,"tax"
82,257.594,185.923,83.112,0,1,1,"tax"
83,419.994,198.376,103.375,0,1,1,"tax"
84,487.925,212.248,70.234,0,1,1,"tax"
85,386.442,170.232,98.261,0,1,1,"tax"
86,446.462,165.545,83.357,0,1,1,"tax"
87,411.797,128.156,83.69,0,1,1,"tax"
88,457.131,104.149,104.149,0,0,1,"tax"
89,508.102,247.39,68.973,0,1,1,"tax"
90,270.682,135.346,32.308,1,1,1,"tax"
91,308.848,136.383,136.383,0,0,1,"tax"
92,751.391,431.447,75.373,0,1,1,"tax"
93,406.799,209.88,35.723,0,1,1,"tax"
94,314.21,152.587,44.797,0,1,1,"tax"
95,436.452,234.901,55.241,0,1,1,"tax"
96,1136.465,340.128,191.67,0,1,1,"tax"
97,329.257,215.507,42.474,0,1,1,"tax"
98,257.589,314.263,43.706,0,1,1,"tax"
99,478.534,206.098,28.917,0,1,1,"tax"
1,328.01,146.74,331.403,1,1,2,"tax"
2,406.685,212.251,339.706,0,1,2,"tax"
3,442.68,234.299,234.299,0,0,2,"tax"
4,1195.763,846.428,444.525,0,1,2,"tax"
5,423.458,258.886,343.646,0,1,2,"tax"
6,651.505,150.954,286.901,0,1,2,"tax"
7,464.339,410.489,274.579,0,1,2,"tax"
8,423.101,212.206,378.728,0,1,2,"tax"
9,378.723,208.67,242.707,0,1,2,"tax"
10,442.645,134.962,357.655,0,1,2,"tax"
11,385.935,239.681,299.519,0,1,2,"tax"
12,500.283,182.075,182.075,0,0,2,"tax"
13,791.677,268.609,307.11,0,1,2,"tax"
14,393.818,119.316,176.648,1,1,2,"tax"
15,439.887,196.214,196.214,0,0,2,"tax"
16,463.043,122.526,242.68,1,1,2,"tax"
17,359.286,325.465,207.994,0,1,2,"tax"
18,393.121,192.442,192.442,0,0,2,"tax"
19,1134.707,577.958,467.473,0,1,2,"tax"
20,568.596,323.238,260.942,0,1,2,"tax"
21,499.447,250.856,274.502,0,1,2,"tax"
22,428.76,344.406,258.752,0,1,2,"tax"
23,792.339,668.716,879.707,0,1,2,"tax"
24,598.568,200.367,225.915,0,1,2,"tax"
25,504.588,280.378,193.987,0,1,2,"tax"
26,390.607,406.629,242.485,0,1,2,"tax"
27,429.363,265.553,164.981,0,1,2,"tax"
28,560.391,217.934,143.174,0,1,2,"tax"
29,555.763,227.417,177.27,0,1,2,"tax"
30,404.023,252.499,155.495,0,1,2,"tax"
31,355.878,206.799,206.799,0,0,2,"tax"
32,707.121,160.903,164.184,0,1,2,"tax"
33,381.948,116.659,131.814,1,1,2,"tax"
34,371.111,159.818,159.818,0,0,2,"tax"
35,304.343,161.778,105.407,1,1,2,"tax"
36,387.857,184.766,173.774,0,1,2,"tax"
37,500.562,189.689,189.689,0,0,2,"tax"
38,1195.794,414.417,960.454,0,1,2,"tax"
39,517.042,243.417,211.956,0,1,2,"tax"
40,534.572,304.392,195.495,0,1,2,"tax"
41,492.611,227.872,160.291,0,1,2,"tax"
42,770.355,336.012,190.497,0,1,2,"tax"
43,899.628,252.256,154.451,0,1,2,"tax"
44,465.844,214.892,193.236,0,1,2,"tax"
45,598.264,262.76,187.378,0,1,2,"tax"
46,433.045,191.877,153.956,0,1,2,"tax"
47,336.853,185.377,116.874,0,1,2,"tax"
48,432.013,241.574,126.993,0,1,2,"tax"
49,472.343,323.065,163.254,0,1,2,"tax"
50,398.721,187.324,187.324,0,0,2,"tax"
51,493.384,241.719,120.303,0,1,2,"tax"
52,320.09,129.148,117.986,1,1,2,"tax"
53,397.193,131.724,131.724,0,0,2,"tax"
54,510.17,133.775,138.707,1,1,2,"tax"
55,493.567,192.11,159.476,0,1,2,"tax"
56,416.581,198.34,198.34,0,0,2,"tax"
57,876.376,396.857,326.846,0,1,2,"tax"
58,328.565,308.829,182.929,0,1,2,"tax"
59,451.865,190.858,128.097,0,1,2,"tax"
60,584.061,209.46,122.729,0,1,2,"tax"
61,1156.345,476.615,212.028,0,1,2,"tax"
62,280.638,203.088,100.216,0,1,2,"tax"
63,516.211,189.903,119.11,0,1,2,"tax"
64,550.784,241.839,147.082,0,1,2,"tax"
65,392.089,328.548,117.548,0,1,2,"tax"
66,347.449,180.106,123.931,0,1,2,"tax"
67,657.408,345.876,163.756,0,1,2,"tax"
68,476.973,189.106,150.943,0,1,2,"tax"
69,350.057,131.053,131.053,0,0,2,"tax"
70,538.147,188.888,123.618,0,1,2,"tax"
71,458.578,101.35,66.697,1,1,2,"tax"
72,323.983,162.795,162.795,0,0,2,"tax"
73,300.209,102.951,133.357,1,1,2,"tax"
74,374.444,157.174,74.274,0,1,2,"tax"
75,446.524,174.027,174.027,0,0,2,"tax"
76,890.099,360.975,154.046,0,1,2,"tax"
77,368.14,193.487,101.961,0,1,2,"tax"
78,337.146,221.63,153.897,0,1,2,"tax"
79,443.903,172.041,95.873,0,1,2,"tax"
80,1016.383,218.032,244.531,0,1,2,"tax"
81,361.847,175.656,90.172,0,1,2,"tax"
82,255.966,164.163,82.3,0,1,2,"tax"
83,455.269,179.565,102.578,0,1,2,"tax"
84,476.577,231.184,69.718,0,1,2,"tax"
85,380.695,131.112,97.301,0,1,2,"tax"
86,432.951,147.164,82.696,0,1,2,"tax"
87,397.235,119.319,82.957,0,1,2,"tax"
88,471.965,97.137,97.137,0,0,2,"tax"
89,541.141,212.222,68.468,0,1,2,"tax"
90,281.966,126.33,32.132,1,1,2,"tax"
91,324.079,124.491,124.491,0,0,2,"tax"
92,744.32,423.521,74.721,0,1,2,"tax"
93,397.466,224.612,35.153,0,1,2,"tax"
94,307.904,160.388,44.518,0,1,2,"tax"
95,440.4,263.129,54.982,0,1,2,"tax"
96,1095.751,334.585,189.708,0,1,2,"tax"
97,350.945,109.681,42.109,0,1,2,"tax"
98,276.907,329.533,43.372,0,1,2,"tax"
99,469.497,182.617,28.839,0,1,2,"tax"
1,307.406,143.621,306.956,1,1,3,"tax"
2,369.736,248.486,326.392,0,1,3,"tax"
3,410.471,224.945,224.945,0,0,3,"tax"
4,1114.766,749.974,446.936,0,1,3,"tax"
5,397.443,252.159,358.279,0,1,3,"tax"
6,663.702,274.216,270.084,0,1,3,"tax"
7,419.214,378.8,260.04,0,1,3,"tax"
8,436.849,207.184,357.286,0,1,3,"tax"
9,393.287,203.949,236.783,0,1,3,"tax"
10,452.184,131.518,328.154,0,1,3,"tax"
11,391.225,234.349,278.673,0,1,3,"tax"
12,469.012,177.062,177.062,0,0,3,"tax"
13,734.52,262.691,290.272,0,1,3,"tax"
14,396.861,116.232,165.256,1,1,3,"tax"
15,402.682,190.755,190.755,0,0,3,"tax"
16,480.62,118.799,228.213,1,1,3,"tax"
17,366.715,288.123,195.508,0,1,3,"tax"
18,386.263,188.026,188.026,0,0,3,"tax"
19,1180.386,572.69,481.611,0,1,3,"tax"
20,571.347,310.874,267.428,0,1,3,"tax"
21,502.006,242.248,272.124,0,1,3,"tax"
22,412.824,337.09,259.964,0,1,3,"tax"
23,837.34,657.068,878.949,0,1,3,"tax"
24,606.03,196.596,220.577,0,1,3,"tax"
25,538.42,270.123,201.188,0,1,3,"tax"
26,460.356,453.727,237.852,0,1,3,"tax"
27,438.131,237.168,162.38,0,1,3,"tax"
28,564.444,251.076,140.113,0,1,3,"tax"
29,569.916,404.268,174.3,0,1,3,"tax"
30,402.132,227.785,152.864,0,1,3,"tax"
31,376.676,202.37,202.37,0,0,3,"tax"
32,652.216,157.151,162.327,0,1,3,"tax"
33,341.323,113.727,129.399,1,1,3,"tax"
34,341.103,156.141,156.141,0,0,3,"tax"
35,276.926,310.379,103.915,1,1,3,"tax"
36,396.747,180.814,169.741,0,1,3,"tax"
37,522.628,243.921,243.921,0,0,3,"tax"
38,1161.02,465.478,955.164,0,1,3,"tax"
39,534.053,409.086,211.124,0,1,3,"tax"
40,497.059,314.285,193.713,0,1,3,"tax"
41,448.627,254.251,159.036,0,1,3,"tax"
42,716.715,389.874,187.752,0,1,3,"tax"
43,835.658,250.349,154.115,0,1,3,"tax"
44,470.497,248.843,191.561,0,1,3,"tax"
45,633.319,296.574,187.088,0,1,3,"tax"
46,467.514,213.923,150.874,0,1,3,"tax"
47,349.3,227.054,114.777,0,1,3,"tax"
48,442.23,231.705,123.675,0,1,3,"tax"
49,487.062,317.82,159.048,0,1,3,"tax"
50,416.647,183.326,183.326,0,0,3,"tax"
51,492.907,272.427,119.421,0,1,3,"tax"
52,294.362,126.453,116.434,1,1,3,"tax"
53,370.787,195.279,195.279,0,0,3,"tax"
54,456.049,130.55,137.122,1,1,3,"tax"
55,453.469,187.041,158.624,0,1,3,"tax"
56,435.229,193.682,193.682,0,0,3,"tax"
57,921.732,379.58,334.915,0,1,3,"tax"
58,306.507,296.641,184.171,0,1,3,"tax"
59,537.72,190.035,128.408,0,1,3,"tax"
60,548.602,204.946,122.809,0,1,3,"tax"
61,1075.756,457.937,213.153,0,1,3,"tax"
62,284.968,230.05,101.11,0,1,3,"tax"
63,478.881,191.749,119.991,0,1,3,"tax"
64,557.073,231.853,148.485,0,1,3,"tax"
65,409.353,309.702,117.643,0,1,3,"tax"
66,361.263,336.313,123.655,0,1,3,"tax"
67,672.406,319.739,163.262,0,1,3,"tax"
68,455.94,177.627,150.808,0,1,3,"tax"
69,326.793,146.362,146.362,0,0,3,"tax"
70,482.917,171.641,123.661,0,1,3,"tax"
71,441.357,99.103,66.641,1,1,3,"tax"
72,335.985,158.529,158.529,0,0,3,"tax"
73,314.304,100.111,133.339,1,1,3,"tax"
74,383.837,182.997,74.514,0,1,3,"tax"
75,457.236,170.28,170.28,0,0,3,"tax"
76,937.095,344.47,156.075,0,1,3,"tax"
77,383.554,186.465,101.435,0,1,3,"tax"
78,346.611,196.886,154.513,0,1,3,"tax"
79,454.046,166.148,96.1,0,1,3,"tax"
80,1041.376,247.678,245.8,0,1,3,"tax"
81,378.306,171.722,91.443,0,1,3,"tax"
82,259.196,190.576,83.513,0,1,3,"tax"
83,455.583,246.475,103.697,0,1,3,"tax"
84,454.923,213.304,69.543,0,1,3,"tax"
85,358.308,131.558,96.64,0,1,3,"tax"
86,401.224,169.127,82.242,0,1,3,"tax"
87,378.296,116.379,82.049,0,1,3,"tax"
88,503.601,94.956,94.956,0,0,3,"tax"
89,561.838,206.743,68.715,0,1,3,"tax"
90,290.339,123.305,32.095,1,1,3,"tax"
91,334.006,122.784,122.784,0,0,3,"tax"
92,774.435,445.929,75.13,0,1,3,"tax"
93,426.788,216.912,35.571,0,1,3,"tax"
94,313.829,153.827,45.019,0,1,3,"tax"
95,452.775,236.731,55.437,0,1,3,"tax"
96,1036.432,336.295,193.283,0,1,3,"tax"
97,317.194,110.37,42.624,0,1,3,"tax"
98,267.557,296.524,43.582,0,1,3,"tax"
99,425.857,202.891,28.744,0,1,3,"tax"
1,329.303,171.305,327.467,1,1,4,"tax"
2,399.976,239.029,353.948,0,1,4,"tax"
3,448.829,361.539,361.539,0,0,4,"tax"
4,1167.706,748.673,436.126,0,1,4,"tax"
5,399.034,282.539,348.484,0,1,4,"tax"
6,660.403,171.393,284.863,0,1,4,"tax"
7,452.721,397.62,270.845,0,1,4,"tax"
8,428.572,240.457,396.206,0,1,4,"tax"
9,381.882,221.474,259.152,0,1,4,"tax"
10,461.622,152.183,365.87,0,1,4,"tax"
11,392.101,292.226,309.438,0,1,4,"tax"
12,510.212,205.916,205.916,0,0,4,"tax"
13,818.06,230.229,307.865,0,1,4,"tax"
14,396.469,128.109,173.807,1,1,4,"tax"
15,450.473,228.108,228.108,0,0,4,"tax"
16,476.316,139.422,238.492,1,1,4,"tax"
17,386.079,292.894,204.774,0,1,4,"tax"
18,394.263,226.721,226.721,0,0,4,"tax"
19,1164.44,630.55,497.747,0,1,4,"tax"
20,570.275,406.603,292.827,0,1,4,"tax"
21,503.621,266.635,294.815,0,1,4,"tax"
22,417.788,389.204,293.834,0,1,4,"tax"
23,833.287,747.972,874.556,0,1,4,"tax"
24,593.661,219.313,236.286,0,1,4,"tax"
25,495.873,363.144,220.98,0,1,4,"tax"
26,388.372,419.984,279.78,0,1,4,"tax"
27,410.043,234.218,289.322,0,1,4,"tax"
28,571.644,243.15,293.952,0,1,4,"tax"
29,574.966,255.769,362.822,0,1,4,"tax"
30,410.237,225.651,310.104,0,1,4,"tax"
31,375.651,230.497,230.497,0,0,4,"tax"
32,680.323,180.074,324.612,0,1,4,"tax"
33,358.221,133.852,254.404,1,1,4,"tax"
34,368.756,182.06,182.06,0,0,4,"tax"
35,286.281,185.007,180.554,1,1,4,"tax"
36,382.043,207.602,248.066,0,1,4,"tax"
37,494.768,212.331,212.331,0,0,4,"tax"
38,1154.67,461.185,1147.4,0,1,4,"tax"
39,505.32,272.179,248.035,0,1,4,"tax"
40,520.038,336.945,257.822,0,1,4,"tax"
41,469.165,255.281,196.055,0,1,4,"tax"
42,728.044,373.461,225.959,0,1,4,"tax"
43,878.86,327.943,181.546,0,1,4,"tax"
44,469.315,239.635,227.337,0,1,4,"tax"
45,644.674,270.829,230.521,0,1,4,"tax"
46,437.935,198.629,198.682,0,1,4,"tax"
47,356.632,208.351,161.431,0,1,4,"tax"
48,427.921,256.592,167.837,0,1,4,"tax"
49,456.852,290.076,197.819,0,1,4,"tax"
50,399.713,212.528,212.528,0,0,4,"tax"
51,470.018,269.372,143.157,0,1,4,"tax"
52,308.787,146.095,138.633,1,1,4,"tax"
53,379.724,148.217,148.217,0,0,4,"tax"
54,483.681,163.181,161.732,1,1,4,"tax"
55,478.465,241.787,186.944,0,1,4,"tax"
56,427.022,248.974,248.974,0,0,4,"tax"
57,919.319,427.289,351.403,0,1,4,"tax"
58,324.687,336.163,202.937,0,1,4,"tax"
59,462.533,204.887,142.554,0,1,4,"tax"
60,590.657,229.632,136.604,0,1,4,"tax"
61,1163.775,472.696,227.99,0,1,4,"tax"
62,274.079,225.376,111.625,0,1,4,"tax"
63,528.427,207.932,132.576,0,1,4,"tax"
64,553.44,258.678,163.536,0,1,4,"tax"
65,400.948,323.52,133.609,0,1,4,"tax"
66,367.771,203.266,138.68,0,1,4,"tax"
67,676.088,332.347,183.492,0,1,4,"tax"
68,499.531,254.525,171.029,0,1,4,"tax"
69,372.484,134.397,134.397,0,0,4,"tax"
70,546.093,170.573,138.011,0,1,4,"tax"
71,490.516,127.522,74.767,1,1,4,"tax"
72,335.026,183.127,183.127,0,0,4,"tax"
73,314.308,120.287,149.579,1,1,4,"tax"
74,386.951,177.474,83.927,0,1,4,"tax"
75,464.475,194.589,194.589,0,0,4,"tax"
76,918.712,490.003,173.649,0,1,4,"tax"
77,380.451,249.138,116.308,0,1,4,"tax"
78,356.071,196.194,179.276,0,1,4,"tax"
79,460.879,210.936,113.901,0,1,4,"tax"
80,962.265,246.106,266.633,0,1,4,"tax"
81,366.926,217.579,103.052,0,1,4,"tax"
82,261.517,184.984,98.321,0,1,4,"tax"
83,422.126,200.964,116.914,0,1,4,"tax"
84,473.755,200.221,78.989,0,1,4,"tax"
85,372.698,144.336,110.21,0,1,4,"tax"
86,425.471,164.759,94.131,0,1,4,"tax"
87,392.207,136.37,94.115,0,1,4,"tax"
88,467.533,110.934,110.934,0,0,4,"tax"
89,516.603,232.541,81.785,0,1,4,"tax"
90,282.644,144.949,39.227,1,1,4,"tax"
91,313.641,135.234,135.234,0,0,4,"tax"
92,767.653,444.948,84.794,0,1,4,"tax"
93,415.603,235.719,39.932,0,1,4,"tax"
94,330.455,257.772,50.902,0,1,4,"tax"
95,449.304,231.705,63.126,0,1,4,"tax"
96,1061.556,495.066,211.917,0,1,4,"tax"
97,330.118,119.464,47.845,0,1,4,"tax"
98,265.712,320.613,48.647,0,1,4,"tax"
99,451.749,205.297,33.411,0,1,4,"tax"
1,319.348,179.899,309.691,1,1,5,"tax"
2,377.222,211.139,342.234,0,1,5,"tax"
3,421.206,245.234,245.234,0,0,5,"tax"
4,1155.648,770.723,484.064,0,1,5,"tax"
5,398.826,277.364,352.616,0,1,5,"tax"
6,671.927,151.686,298.487,0,1,5,"tax"
7,434.859,449.945,266.121,0,1,5,"tax"
8,398.262,255.859,364.334,0,1,5,"tax"
9,357.671,220.006,237.994,0,1,5,"tax"
10,441.04,164.631,340.321,0,1,5,"tax"
11,363.221,284.209,286.662,0,1,5,"tax"
12,536.113,215.979,215.979,0,0,5,"tax"
13,853.84,243.492,304.756,0,1,5,"tax"
14,417.233,127.77,172.414,1,1,5,"tax"
15,458.107,237.586,237.586,0,0,5,"tax"
16,495.625,148.322,238.173,1,1,5,"tax"
17,384.795,308.744,204.046,0,1,5,"tax"
18,406.707,233.088,233.088,0,0,5,"tax"
19,1232.728,570.684,521.906,0,1,5,"tax"
20,588.634,358.665,303.62,0,1,5,"tax"
21,535.059,248.262,301.634,0,1,5,"tax"
22,430.658,369.348,312.326,0,1,5,"tax"
23,856.686,779.717,856.102,0,1,5,"tax"
24,636.467,194.089,272.885,0,1,5,"tax"
25,548.798,332.152,234.604,0,1,5,"tax"
26,427.974,406.831,290.492,0,1,5,"tax"
27,455.792,257.409,197.237,0,1,5,"tax"
28,550.728,216.636,171.666,0,1,5,"tax"
29,533.084,229.25,218.006,0,1,5,"tax"
30,373.944,246.066,186.893,0,1,5,"tax"
31,344.808,227.811,227.811,0,0,5,"tax"
32,676.18,171.342,197.588,0,1,5,"tax"
33,351.061,141.81,160.85,1,1,5,"tax"
34,355.027,188.973,188.973,0,0,5,"tax"
35,282.988,162.897,128.25,1,1,5,"tax"
36,407.402,198.166,207.436,0,1,5,"tax"
37,586.787,190.34,190.34,0,0,5,"tax"
38,1259.351,409.954,1187.669,0,1,5,"tax"
39,589.155,245.08,236.239,0,1,5,"tax"
40,552.616,305.564,220.315,0,1,5,"tax"
41,491.686,225.547,176.525,0,1,5,"tax"
42,724.514,332.931,230.066,0,1,5,"tax"
43,975.988,297.608,171.785,0,1,5,"tax"
44,480.572,213.271,214.468,0,1,5,"tax"
45,660.464,262.591,229.137,0,1,5,"tax"
46,457.717,190.087,184.821,0,1,5,"tax"
47,361.769,184.64,140.703,0,1,5,"tax"
48,454.075,244.447,153.535,0,1,5,"tax"
49,514.197,320.008,196.626,0,1,5,"tax"
50,465.3,210.202,210.202,0,0,5,"tax"
51,511.899,238.485,131.863,0,1,5,"tax"
52,323.898,156.585,129.536,1,1,5,"tax"
53,416.33,132.643,132.643,0,0,5,"tax"
54,524.164,161.929,147.58,1,1,5,"tax"
55,520.583,237.691,172.342,0,1,5,"tax"
56,411.552,236.118,236.118,0,0,5,"tax"
57,838.186,394.969,329.929,0,1,5,"tax"
58,311.123,318.495,187.42,0,1,5,"tax"
59,443.373,190.677,130.651,0,1,5,"tax"
60,621.254,205.98,125.401,0,1,5,"tax"
61,1225.921,519.104,210.951,0,1,5,"tax"
62,281.149,200.75,101.174,0,1,5,"tax"
63,567.097,189.648,120.142,0,1,5,"tax"
64,578.863,251.025,148.752,0,1,5,"tax"
65,429.56,362.858,122.03,0,1,5,"tax"
66,391.233,181.354,127.097,0,1,5,"tax"
67,699.79,372.955,164.948,0,1,5,"tax"
68,465.208,203.343,152.678,0,1,5,"tax"
69,335.679,131.234,131.234,0,0,5,"tax"
70,497.126,185.517,128.55,0,1,5,"tax"
71,442.806,125.301,68.94,1,1,5,"tax"
72,330.149,181.442,181.442,0,0,5,"tax"
73,292.213,127.085,136.582,1,1,5,"tax"
74,358.285,155.908,76.212,0,1,5,"tax"
75,430.041,189.235,189.235,0,0,5,"tax"
76,861.069,372.766,160.622,0,1,5,"tax"
77,352.108,228.042,106.406,0,1,5,"tax"
78,342.495,213.07,160.306,0,1,5,"tax"
79,422.343,204.903,99.645,0,1,5,"tax"
80,1053.877,215.302,251.786,0,1,5,"tax"
81,394.834,208.492,95.09,0,1,5,"tax"
82,270.82,162.402,86.176,0,1,5,"tax"
83,472.383,178.84,107.238,0,1,5,"tax"
84,507.795,232.436,71.344,0,1,5,"tax"
85,414.308,161.262,99.723,0,1,5,"tax"
86,463.685,145.7,85.656,0,1,5,"tax"
87,436.634,144.873,85.892,0,1,5,"tax"
88,464.456,118.838,118.838,0,0,5,"tax"
89,506.401,207.853,71.7,0,1,5,"tax"
90,274.647,153.462,33.666,1,1,5,"tax"
91,308.174,140.33,140.33,0,0,5,"tax"
92,790.239,450.645,76.94,0,1,5,"tax"
93,435.883,228.529,36.281,0,1,5,"tax"
94,337.561,170.463,46.067,0,1,5,"tax"
95,472.041,256.194,56.7,0,1,5,"tax"
96,1192.349,369.585,195.329,0,1,5,"tax"
97,348.883,109.942,43.389,0,1,5,"tax"
98,267.885,358.497,44.816,0,1,5,"tax"
99,517.819,180.781,29.881,0,1,5,"tax"
1,23.938,13.773,12.858,0,1,1,"tictactoe"
2,41.077,22.257,31.226,0,1,1,"tictactoe"
3,19.582,28.726,28.726,0,0,1,"tictactoe"
4,16.934,20.819,55.95,0,1,1,"tictactoe"
5,29.927,10.871,23.014,0,1,1,"tictactoe"
6,104.71,36.582,36.582,0,0,1,"tictactoe"
7,24.597,32.43,32.43,0,0,1,"tictactoe"
8,37.909,17.827,17.827,0,0,1,"tictactoe"
9,15.644,36.081,36.081,0,0,1,"tictactoe"
10,2.611,0.266,0.266,0,0,1,"tictactoe"
11,28.854,2.688,24.111,0,1,1,"tictactoe"
12,47.336,24.798,61.842,0,1,1,"tictactoe"
13,39.202,24.37,24.37,0,0,1,"tictactoe"
14,20.211,12.967,12.967,0,0,1,"tictactoe"
15,3.028,18.997,18.997,0,0,1,"tictactoe"
16,71.981,68.671,68.671,0,0,1,"tictactoe"
17,1.119,0.189,0.189,0,0,1,"tictactoe"
18,24.632,8.296,22.155,0,1,1,"tictactoe"
19,6.768,60.12,35.622,0,1,1,"tictactoe"
20,9.564,63.958,63.958,0,0,1,"tictactoe"
21,26.309,17.25,17.25,0,0,1,"tictactoe"
22,13.412,23.821,23.821,0,0,1,"tictactoe"
23,48.023,16.813,16.813,0,0,1,"tictactoe"
24,0.911,0.298,0.298,0,0,1,"tictactoe"
25,18.666,22.404,101.793,0,1,1,"tictactoe"
26,7.124,5.862,8.644,0,1,1,"tictactoe"
27,26.229,20.782,20.782,0,0,1,"tictactoe"
28,21.853,18.889,18.889,0,0,1,"tictactoe"
29,22.685,10.567,10.567,0,0,1,"tictactoe"
30,29.635,72.914,72.914,0,0,1,"tictactoe"
31,0.849,0.192,0.192,0,0,1,"tictactoe"
32,16.72,26.837,86.174,0,1,1,"tictactoe"
33,20.509,28.529,14.657,0,1,1,"tictactoe"
34,46.586,24.215,24.215,0,0,1,"tictactoe"
35,24.057,13.961,13.961,0,0,1,"tictactoe"
36,22.947,23.501,23.501,0,0,1,"tictactoe"
37,5.246,60.246,60.246,0,0,1,"tictactoe"
38,1.272,0.837,0.837,0,0,1,"tictactoe"
39,9.134,10.492,12.846,0,1,1,"tictactoe"
40,28.734,23.563,35.33,0,1,1,"tictactoe"
41,20.707,64.371,64.371,0,0,1,"tictactoe"
42,67.769,35.927,35.927,0,0,1,"tictactoe"
43,31.615,30.029,30.029,0,0,1,"tictactoe"
44,53.186,2.484,2.484,0,0,1,"tictactoe"
45,1.278,0.228,0.228,0,0,1,"tictactoe"
46,15.071,9.741,20.771,0,1,1,"tictactoe"
47,42.68,12.02,12.961,0,1,1,"tictactoe"
48,21.49,51.711,51.711,0,0,1,"tictactoe"
49,73.067,58.662,58.662,0,0,1,"tictactoe"
50,20.916,10.407,10.407,0,0,1,"tictactoe"
51,3.586,10.798,10.798,0,0,1,"tictactoe"
52,1.338,0.415,0.415,0,0,1,"tictactoe"
53,19.703,46.688,1.877,0,1,1,"tictactoe"
54,32.289,19.515,27.715,0,1,1,"tictactoe"
55,63.12,35.316,35.316,0,0,1,"tictactoe"
56,19.669,36.513,36.513,0,0,1,"tictactoe"
57,9.857,24.78,24.78,0,0,1,"tictactoe"
58,30.952,96.838,96.838,0,0,1,"tictactoe"
59,1.055,0.237,0.237,0,0,1,"tictactoe"
60,14.926,18.537,18.537,0,0,1,"tictactoe"
61,4.665,10.857,13.765,0,1,1,"tictactoe"
62,7.022,2.957,3.753,0,1,1,"tictactoe"
63,18.934,22.661,22.661,0,0,1,"tictactoe"
64,19.229,13.874,33.533,0,1,1,"tictactoe"
65,18.48,17.545,1.323,0,1,1,"tictactoe"
66,33.604,4.395,4.395,0,0,1,"tictactoe"
67,26.633,18.161,18.161,0,0,1,"tictactoe"
68,29.648,15.381,15.381,0,0,1,"tictactoe"
69,6.079,29.368,29.368,0,0,1,"tictactoe"
70,0.872,0.883,0.883,0,0,1,"tictactoe"
71,20.666,32.78,56.035,0,1,1,"tictactoe"
72,81.277,15.488,26.433,0,1,1,"tictactoe"
73,17.919,0.759,0.759,0,0,1,"tictactoe"
74,23.357,33.696,33.696,0,0,1,"tictactoe"
75,38.742,4.088,4.088,0,0,1,"tictactoe"
76,14.255,48.545,48.545,0,0,1,"tictactoe"
77,0.803,0.215,0.215,0,0,1,"tictactoe"
78,16.548,37.125,33.937,0,1,1,"tictactoe"
79,18,31.697,11.327,0,1,1,"tictactoe"
80,17.753,14.927,14.927,0,0,1,"tictactoe"
81,28.369,13.978,13.978,0,0,1,"tictactoe"
82,17.369,7.176,7.176,0,0,1,"tictactoe"
83,9.434,31.037,31.037,0,0,1,"tictactoe"
84,0.809,0.295,0.295,0,0,1,"tictactoe"
85,71.5,34.463,16.466,0,1,1,"tictactoe"
86,21.653,15.104,4.9,0,1,1,"tictactoe"
87,29.421,34.238,34.238,0,0,1,"tictactoe"
88,51.921,79.761,79.761,0,0,1,"tictactoe"
89,15.805,6.222,6.222,0,0,1,"tictactoe"
90,22.39,3.749,3.749,0,0,1,"tictactoe"
91,1.034,0.318,0.318,0,0,1,"tictactoe"
92,39.431,19.71,12.516,0,1,1,"tictactoe"
93,22.677,52.225,2.113,0,1,1,"tictactoe"
94,33.319,15.751,15.751,0,0,1,"tictactoe"
95,101.239,34.317,34.317,0,0,1,"tictactoe"
96,30.029,7.455,7.455,0,0,1,"tictactoe"
97,31.27,35.794,35.794,0,0,1,"tictactoe"
98,0.482,0.377,0.377,0,0,1,"tictactoe"
99,39.382,3.103,10.557,0,1,1,"tictactoe"
100,42.299,19.243,14.482,0,1,1,"tictactoe"
101,11.194,18.97,18.97,0,0,1,"tictactoe"
102,24.323,49.015,49.015,0,0,1,"tictactoe"
103,21.549,6.586,6.586,0,0,1,"tictactoe"
104,10.273,7.962,7.962,0,0,1,"tictactoe"
105,0.724,0.491,0.491,0,0,1,"tictactoe"
106,4.339,2.318,25.577,0,1,1,"tictactoe"
107,24.021,21.363,24.994,0,1,1,"tictactoe"
108,15.185,5.691,5.691,0,0,1,"tictactoe"
109,12.493,5.6,5.6,0,0,1,"tictactoe"
110,11.615,3.666,3.666,0,0,1,"tictactoe"
111,24.563,16.876,16.876,0,0,1,"tictactoe"
112,1.062,0.331,0.331,0,0,1,"tictactoe"
113,10.586,2.982,45.915,0,1,1,"tictactoe"
114,12.949,61.622,11.141,0,1,1,"tictactoe"
115,32.032,7.688,7.688,0,0,1,"tictactoe"
116,14.422,32.386,32.386,0,0,1,"tictactoe"
117,5.634,15.81,15.81,0,0,1,"tictactoe"
118,7.232,7.432,7.432,0,0,1,"tictactoe"
119,0.921,0.421,0.421,0,0,1,"tictactoe"
120,11.977,25.145,25.145,0,0,1,"tictactoe"
121,8.871,4.155,8.786,1,1,1,"tictactoe"
122,7.696,27.247,37.765,0,1,1,"tictactoe"
123,9.973,3.917,3.917,0,0,1,"tictactoe"
124,19.456,7.184,17.171,0,1,1,"tictactoe"
125,15.229,15.746,27.565,0,1,1,"tictactoe"
126,18.378,14.622,14.622,0,0,1,"tictactoe"
127,4.307,20.028,3.426,0,1,1,"tictactoe"
128,12.807,6.518,20.375,0,1,1,"tictactoe"
129,13.758,11.576,11.576,0,0,1,"tictactoe"
130,13.772,10.943,10.943,0,0,1,"tictactoe"
131,6.629,31.369,31.369,0,0,1,"tictactoe"
132,8.393,5.357,5.357,0,0,1,"tictactoe"
133,9.274,4.081,4.081,0,0,1,"tictactoe"
134,6.377,6.158,7.881,1,1,1,"tictactoe"
135,60.305,19.675,7.758,0,1,1,"tictactoe"
136,16.196,15.017,15.017,0,0,1,"tictactoe"
137,4.978,22.414,22.414,0,0,1,"tictactoe"
138,11.538,12.126,12.126,0,0,1,"tictactoe"
139,15.931,6.349,6.344,0,1,1,"tictactoe"
140,18.756,11.138,9.704,0,1,1,"tictactoe"
141,10.416,2.794,2.794,0,0,1,"tictactoe"
142,22.553,21.889,28.436,0,1,1,"tictactoe"
143,5.586,10.361,4.802,0,1,1,"tictactoe"
144,15.309,10.773,10.773,0,0,1,"tictactoe"
145,11.297,11.095,11.095,0,0,1,"tictactoe"
146,11.075,3.13,3.13,0,0,1,"tictactoe"
147,5.748,19.71,19.71,0,0,1,"tictactoe"
148,16.421,15.631,15.631,0,0,1,"tictactoe"
149,7.237,5.854,6.838,1,1,1,"tictactoe"
150,15.16,32.635,7.289,0,1,1,"tictactoe"
151,16.503,3.042,3.042,0,0,1,"tictactoe"
152,16.952,26.169,26.169,0,0,1,"tictactoe"
153,12.774,4.993,4.993,0,0,1,"tictactoe"
154,34.887,10.311,6.393,0,1,1,"tictactoe"
155,8.702,7.457,13.154,0,1,1,"tictactoe"
156,11.347,6.513,6.513,0,0,1,"tictactoe"
157,21.855,31.272,21.628,0,1,1,"tictactoe"
158,23.15,12.553,7.439,0,1,1,"tictactoe"
159,14.147,9.275,9.275,0,0,1,"tictactoe"
160,6.546,25.186,25.186,0,0,1,"tictactoe"
161,6.96,10.263,10.263,0,0,1,"tictactoe"
162,3.317,2.17,2.17,0,0,1,"tictactoe"
163,17.049,4.079,4.079,0,0,1,"tictactoe"
164,12.234,11.912,3.495,1,1,1,"tictactoe"
165,29.664,15.053,11.985,0,1,1,"tictactoe"
166,23.176,6.478,6.478,0,0,1,"tictactoe"
167,6.388,4.041,4.041,0,0,1,"tictactoe"
168,30.71,9.225,9.225,0,0,1,"tictactoe"
169,7.57,6.667,2.109,1,1,1,"tictactoe"
170,3.563,16.222,2.147,0,1,1,"tictactoe"
171,4.741,6.035,6.035,0,0,1,"tictactoe"
172,5.536,10.585,14.093,0,1,1,"tictactoe"
173,10.015,24.221,3.949,0,1,1,"tictactoe"
174,12.149,15.198,15.198,0,0,1,"tictactoe"
175,6.226,8.851,2.647,0,1,1,"tictactoe"
176,5.415,9.23,41.363,0,1,1,"tictactoe"
177,20.17,13.789,13.789,0,0,1,"tictactoe"
178,27.417,7.824,7.824,0,0,1,"tictactoe"
179,8.532,2.139,2.139,0,0,1,"tictactoe"
180,5.109,10.862,10.862,0,0,1,"tictactoe"
181,9.514,13.057,13.057,0,0,1,"tictactoe"
182,15.742,11.593,1.809,1,1,1,"tictactoe"
183,24.208,4.337,6.58,0,1,1,"tictactoe"
184,6.548,4.253,4.253,0,0,1,"tictactoe"
185,11.631,16.724,16.724,0,0,1,"tictactoe"
186,8.338,12.036,12.036,0,0,1,"tictactoe"
187,9.062,13.633,2.122,1,1,1,"tictactoe"
188,8.123,33.441,10.541,0,1,1,"tictactoe"
189,22.862,11.13,11.13,0,0,1,"tictactoe"
190,14.863,14.076,4.212,0,1,1,"tictactoe"
191,25.335,13.096,12.663,0,1,1,"tictactoe"
192,12.956,6.733,6.733,0,0,1,"tictactoe"
193,13.919,16.31,2.896,0,1,1,"tictactoe"
194,23.416,4.505,3.617,0,1,1,"tictactoe"
195,14.642,17.249,17.249,0,0,1,"tictactoe"
196,12.872,50.279,50.279,0,0,1,"tictactoe"
197,8.48,1.665,1.665,0,0,1,"tictactoe"
198,15.872,16.002,16.002,0,0,1,"tictactoe"
199,12.476,16.841,16.841,0,0,1,"tictactoe"
200,7.098,9.794,2.019,1,1,1,"tictactoe"
201,16.495,29.318,1.184,0,1,1,"tictactoe"
202,12.162,16.652,16.652,0,0,1,"tictactoe"
203,3.605,3.645,3.645,0,0,1,"tictactoe"
204,7.792,7.646,7.646,0,0,1,"tictactoe"
205,11.271,13.102,3.799,0,1,1,"tictactoe"
206,8.684,8.071,0.83,0,1,1,"tictactoe"
207,22.867,14.166,14.166,0,0,1,"tictactoe"
208,10.685,11.762,2.075,0,1,1,"tictactoe"
209,14.825,8.823,13.601,0,1,1,"tictactoe"
210,16.438,8.764,8.764,0,0,1,"tictactoe"
211,12.676,14.262,14.262,0,0,1,"tictactoe"
212,15.155,5.515,5.515,0,0,1,"tictactoe"
213,5.46,5.93,5.93,0,0,1,"tictactoe"
214,17.186,4.68,4.68,0,0,1,"tictactoe"
215,10.334,14.118,0.881,1,1,1,"tictactoe"
216,5.672,15.739,6.531,0,1,1,"tictactoe"
217,14.873,11.579,11.579,0,0,1,"tictactoe"
218,15.329,9.581,9.581,0,0,1,"tictactoe"
219,16.757,17.827,17.827,0,0,1,"tictactoe"
220,8.069,4.79,8.963,0,1,1,"tictactoe"
221,4.517,21.847,2.036,0,1,1,"tictactoe"
222,5.82,15.95,15.95,0,0,1,"tictactoe"
223,59.585,13.822,0.623,0,1,1,"tictactoe"
224,10.431,3.978,1.411,0,1,1,"tictactoe"
225,5.368,1.303,1.303,0,0,1,"tictactoe"
226,18.032,7.331,7.331,0,0,1,"tictactoe"
227,11.499,13.37,13.37,0,0,1,"tictactoe"
228,7.583,6.368,6.368,0,0,1,"tictactoe"
229,11.537,3.991,3.991,0,0,1,"tictactoe"
230,11.725,10.596,1.084,1,1,1,"tictactoe"
231,11.215,8.25,0.604,1,1,1,"tictactoe"
232,5.579,20.765,20.765,0,0,1,"tictactoe"
233,7.135,7.677,7.677,1,0,1,"tictactoe"
234,10.195,3.522,3.522,0,0,1,"tictactoe"
235,5.355,3.539,3.539,1,0,1,"tictactoe"
236,6.921,6.14,6.14,0,0,1,"tictactoe"
237,7.121,14.799,0.59,1,1,1,"tictactoe"
238,9.188,28.881,3.273,0,1,1,"tictactoe"
239,10.753,7.841,7.841,0,0,1,"tictactoe"
240,16.721,11.184,11.184,0,0,1,"tictactoe"
241,9.108,5.099,0.752,1,1,1,"tictactoe"
242,10.077,7.792,0.995,1,1,1,"tictactoe"
243,9.786,9.386,9.386,0,0,1,"tictactoe"
245,6.686,11.921,8.474,0,1,1,"tictactoe"
246,12.126,11.927,0.521,0,1,1,"tictactoe"
247,5.079,2.891,2.891,0,0,1,"tictactoe"
248,25.804,12.129,1.585,0,1,1,"tictactoe"
249,10.341,10.061,0.25,0,1,1,"tictactoe"
250,13.859,4.966,4.966,0,0,1,"tictactoe"
251,11.955,17.592,17.592,0,0,1,"tictactoe"
252,2.63,1.61,1.61,0,0,1,"tictactoe"
253,6.53,3.369,3.369,0,0,1,"tictactoe"
254,13.841,8.215,8.215,0,0,1,"tictactoe"
255,8.853,6.058,0.378,1,1,1,"tictactoe"
256,9.406,12.294,0.289,1,1,1,"tictactoe"
257,9.402,3.489,3.489,0,0,1,"tictactoe"
258,4.813,10.458,10.458,1,0,1,"tictactoe"
259,6.504,3.914,3.914,0,0,1,"tictactoe"
260,9.959,10.446,10.446,1,0,1,"tictactoe"
261,25.481,11.96,11.96,0,0,1,"tictactoe"
262,14.523,6.846,0.806,1,1,1,"tictactoe"
263,15.582,3.372,1.348,0,1,1,"tictactoe"
264,6.712,11.759,11.759,0,0,1,"tictactoe"
265,2.778,2.777,2.777,0,0,1,"tictactoe"
266,6.789,9.828,0.243,1,1,1,"tictactoe"
267,9.755,6.553,0.221,1,1,1,"tictactoe"
268,30.787,7.903,7.903,0,0,1,"tictactoe"
1,31.636,21.86,13.736,0,1,2,"tictactoe"
2,37.86,23.512,32.174,0,1,2,"tictactoe"
3,4.285,17.682,17.682,0,0,2,"tictactoe"
4,14.119,17.577,56.434,0,1,2,"tictactoe"
5,5.201,113.427,23.752,0,1,2,"tictactoe"
6,40.97,51.478,51.478,0,0,2,"tictactoe"
7,6.905,39.438,39.438,0,0,2,"tictactoe"
8,21.573,26.412,26.412,0,0,2,"tictactoe"
9,20.341,22.805,22.805,0,0,2,"tictactoe"
10,1.107,0.384,0.384,0,0,2,"tictactoe"
11,12.478,25.094,24.588,0,1,2,"tictactoe"
12,30.956,14.513,65.105,0,1,2,"tictactoe"
13,32.681,32.182,32.182,0,0,2,"tictactoe"
14,18.923,22.701,22.701,0,0,2,"tictactoe"
15,11.995,24.619,24.619,0,0,2,"tictactoe"
16,30.982,11.074,11.074,0,0,2,"tictactoe"
17,0.974,0.218,0.218,0,0,2,"tictactoe"
18,41.898,52.031,22.1,0,1,2,"tictactoe"
19,60.858,18.484,37.49,0,1,2,"tictactoe"
20,36.638,27.968,27.968,0,0,2,"tictactoe"
21,22.304,38.463,38.463,0,0,2,"tictactoe"
22,32.19,9.455,9.455,0,0,2,"tictactoe"
23,52.395,18.378,18.378,0,0,2,"tictactoe"
24,0.917,0.304,0.304,0,0,2,"tictactoe"
25,17.584,22.347,108.197,0,1,2,"tictactoe"
26,19.281,22.665,9.124,0,1,2,"tictactoe"
27,25.323,21.261,21.261,0,0,2,"tictactoe"
28,12.611,63.471,63.471,0,0,2,"tictactoe"
29,71.214,46.867,46.867,0,0,2,"tictactoe"
30,16.138,54.832,54.832,0,0,2,"tictactoe"
31,1.031,0.407,0.407,0,0,2,"tictactoe"
32,9.416,55.863,87.284,0,1,2,"tictactoe"
33,32.443,102.239,15.458,0,1,2,"tictactoe"
34,47.387,23.505,23.505,0,0,2,"tictactoe"
35,28.004,26.869,26.869,0,0,2,"tictactoe"
36,68.281,33.436,33.436,0,0,2,"tictactoe"
37,20.536,19.388,19.388,0,0,2,"tictactoe"
38,1.297,0.535,0.535,0,0,2,"tictactoe"
39,12.96,20.968,13.464,0,1,2,"tictactoe"
40,48.323,4.706,34.868,0,1,2,"tictactoe"
41,98.738,3.926,3.926,0,0,2,"tictactoe"
42,41.361,18.028,18.028,0,0,2,"tictactoe"
43,7.978,17.924,17.924,0,0,2,"tictactoe"
44,5.882,29.4,29.4,0,0,2,"tictactoe"
45,1.472,0.682,0.682,0,0,2,"tictactoe"
46,32.909,39.903,20.768,0,1,2,"tictactoe"
47,6.849,56.546,13.603,0,1,2,"tictactoe"
48,9.644,38.824,38.824,0,0,2,"tictactoe"
49,62.14,78.187,78.187,0,0,2,"tictactoe"
50,19.899,9.03,9.03,0,0,2,"tictactoe"
51,16.686,36.855,36.855,0,0,2,"tictactoe"
52,0.86,0.283,0.283,0,0,2,"tictactoe"
53,11.21,6.378,2.12,0,1,2,"tictactoe"
54,17.397,12.806,29.57,0,1,2,"tictactoe"
55,31.062,21.116,21.116,0,0,2,"tictactoe"
56,42.451,65.841,65.841,0,0,2,"tictactoe"
57,9.211,2.845,2.845,0,0,2,"tictactoe"
58,68.787,25.322,25.322,0,0,2,"tictactoe"
59,0.946,0.293,0.293,0,0,2,"tictactoe"
60,38.529,26.097,26.097,0,0,2,"tictactoe"
61,28.067,11.233,17.512,0,1,2,"tictactoe"
62,16.677,20.557,3.303,0,1,2,"tictactoe"
63,7.086,43.744,43.744,0,0,2,"tictactoe"
64,10.899,10.004,20.786,0,1,2,"tictactoe"
65,22.4,16.222,19.634,0,1,2,"tictactoe"
66,6.013,14.102,14.102,0,0,2,"tictactoe"
67,3.811,23.992,23.992,0,0,2,"tictactoe"
68,39.461,9.292,9.292,0,0,2,"tictactoe"
69,17.052,27.352,27.352,0,0,2,"tictactoe"
70,2.162,0.59,0.59,0,0,2,"tictactoe"
71,7.193,32.659,5.657,0,1,2,"tictactoe"
72,80.867,16.987,2.677,0,1,2,"tictactoe"
73,45.856,15.341,15.341,0,0,2,"tictactoe"
74,20.155,5.93,5.93,0,0,2,"tictactoe"
75,34.257,5.083,5.083,0,0,2,"tictactoe"
76,15.622,47.201,47.201,0,0,2,"tictactoe"
77,0.774,0.25,0.25,0,0,2,"tictactoe"
78,19.867,46,9.198,0,1,2,"tictactoe"
79,45.341,33.579,4.655,0,1,2,"tictactoe"
80,7.551,47.042,47.042,0,0,2,"tictactoe"
81,47.756,11.106,11.106,0,0,2,"tictactoe"
82,17.367,11.926,11.926,0,0,2,"tictactoe"
83,9.365,47.361,47.361,0,0,2,"tictactoe"
84,0.722,0.327,0.327,0,0,2,"tictactoe"
85,68.959,35.433,12.476,0,1,2,"tictactoe"
86,48.505,17.653,7.904,0,1,2,"tictactoe"
87,27.834,28.076,28.076,0,0,2,"tictactoe"
88,51.77,80.579,80.579,0,0,2,"tictactoe"
89,10.039,16.016,16.016,0,0,2,"tictactoe"
90,6.306,15.84,15.84,0,0,2,"tictactoe"
91,1.046,0.347,0.347,0,0,2,"tictactoe"
92,15.347,8.33,14.461,0,1,2,"tictactoe"
93,25.857,29.172,28.83,0,1,2,"tictactoe"
94,33.785,19.966,19.966,0,0,2,"tictactoe"
95,16.838,13.036,13.036,0,0,2,"tictactoe"
96,10.346,35.06,35.06,0,0,2,"tictactoe"
97,17.174,26.18,26.18,0,0,2,"tictactoe"
98,1.204,0.264,0.264,0,0,2,"tictactoe"
99,17.416,29.606,1.287,0,1,2,"tictactoe"
100,12.31,35.36,12.207,0,1,2,"tictactoe"
101,10.158,6.331,6.331,0,0,2,"tictactoe"
102,34.47,17.087,17.087,0,0,2,"tictactoe"
103,6.937,49.002,49.002,0,0,2,"tictactoe"
104,25.98,6.375,6.375,0,0,2,"tictactoe"
105,1.076,0.774,0.774,0,0,2,"tictactoe"
106,14.899,30.552,14.005,0,1,2,"tictactoe"
107,25.539,21.765,3.915,0,1,2,"tictactoe"
108,12.352,5.209,5.209,0,0,2,"tictactoe"
109,30.252,29.428,29.428,0,0,2,"tictactoe"
110,31.423,115.435,115.435,0,0,2,"tictactoe"
111,20.214,14.196,14.196,0,0,2,"tictactoe"
112,0.644,0.228,0.228,0,0,2,"tictactoe"
113,14.418,1.495,16.682,0,1,2,"tictactoe"
114,51.457,51.105,26.93,0,1,2,"tictactoe"
115,17.858,13.225,13.225,0,0,2,"tictactoe"
116,54.851,3.897,3.897,0,0,2,"tictactoe"
117,5.203,2.507,2.507,0,0,2,"tictactoe"
118,17.385,11.952,11.952,0,0,2,"tictactoe"
119,0.993,0.352,0.352,0,0,2,"tictactoe"
120,15.577,4.61,4.61,0,0,2,"tictactoe"
121,9.406,8.374,9.475,1,1,2,"tictactoe"
122,29.478,18.57,9.566,0,1,2,"tictactoe"
123,2.275,3.965,3.965,0,0,2,"tictactoe"
124,6.901,7.935,18.15,0,1,2,"tictactoe"
125,16.888,10.829,7.709,0,1,2,"tictactoe"
126,22.631,14.01,14.01,0,0,2,"tictactoe"
127,16.128,6.253,14.065,0,1,2,"tictactoe"
128,9.258,9.55,36.191,0,1,2,"tictactoe"
129,14.922,11.17,11.17,0,0,2,"tictactoe"
130,14.28,1.579,1.579,0,0,2,"tictactoe"
131,3.304,27.425,27.425,0,0,2,"tictactoe"
132,4.005,3.188,3.188,0,0,2,"tictactoe"
133,18.142,19.519,19.519,0,0,2,"tictactoe"
134,4.49,11.738,5.472,1,1,2,"tictactoe"
135,15.539,25.838,38.454,0,1,2,"tictactoe"
136,5.485,22.534,22.534,0,0,2,"tictactoe"
137,6.745,10.686,10.686,0,0,2,"tictactoe"
138,13.629,3.518,3.518,0,0,2,"tictactoe"
139,3.815,5.579,14.609,0,1,2,"tictactoe"
140,4.908,17.482,6.309,0,1,2,"tictactoe"
141,4.991,9.95,9.95,0,0,2,"tictactoe"
142,11.126,12.403,23.021,0,1,2,"tictactoe"
143,11.144,2.725,3.013,0,1,2,"tictactoe"
144,17.63,21.785,21.785,0,0,2,"tictactoe"
145,4.402,19.035,19.035,0,0,2,"tictactoe"
146,9.192,13.38,13.38,0,0,2,"tictactoe"
147,17.696,3.528,3.528,0,0,2,"tictactoe"
148,41.66,3.5,3.5,0,0,2,"tictactoe"
149,6.822,9.626,3.095,1,1,2,"tictactoe"
150,8.378,13.251,13.743,0,1,2,"tictactoe"
151,13.807,6.145,6.145,0,0,2,"tictactoe"
152,11.057,5.323,5.323,0,0,2,"tictactoe"
153,7.682,15.907,15.907,0,0,2,"tictactoe"
154,71.562,19.584,20.371,0,1,2,"tictactoe"
155,15.551,16.262,4.576,0,1,2,"tictactoe"
156,16.091,13.727,13.727,0,0,2,"tictactoe"
157,6.448,10.079,7.946,0,1,2,"tictactoe"
158,10.795,9.976,22.43,0,1,2,"tictactoe"
159,14.563,10.29,10.29,0,0,2,"tictactoe"
160,11.89,20.635,20.635,0,0,2,"tictactoe"
161,5.719,22.997,22.997,0,0,2,"tictactoe"
162,4.921,3.256,3.256,0,0,2,"tictactoe"
163,21.168,3.603,3.603,0,0,2,"tictactoe"
164,16.871,14.173,4.18,1,1,2,"tictactoe"
165,25.094,5.222,26.155,0,1,2,"tictactoe"
166,18.788,13.072,13.072,0,0,2,"tictactoe"
167,12.843,3.561,3.561,0,0,2,"tictactoe"
168,26.699,18.153,18.153,0,0,2,"tictactoe"
169,4.728,8.391,5.101,1,1,2,"tictactoe"
170,12.403,28.056,2.722,0,1,2,"tictactoe"
171,22.213,13.197,13.197,0,0,2,"tictactoe"
172,19.006,12.379,0.885,0,1,2,"tictactoe"
173,13.36,27.246,4.084,0,1,2,"tictactoe"
174,7.812,16.628,16.628,0,0,2,"tictactoe"
175,11.014,3.398,4.428,0,1,2,"tictactoe"
176,5.906,19.799,21.165,0,1,2,"tictactoe"
177,34.35,3.219,3.219,0,0,2,"tictactoe"
178,4.039,33.477,33.477,0,0,2,"tictactoe"
179,11.475,6.942,6.942,0,0,2,"tictactoe"
180,6.276,22.811,22.811,0,0,2,"tictactoe"
181,4.981,19.298,19.298,0,0,2,"tictactoe"
182,24.399,8.536,1.484,1,1,2,"tictactoe"
183,23.835,28.997,3.417,0,1,2,"tictactoe"
184,8.693,7.619,7.619,0,0,2,"tictactoe"
185,42.324,21.9,21.9,0,0,2,"tictactoe"
186,10.248,11.584,11.584,0,0,2,"tictactoe"
187,8.385,15.225,2.36,1,1,2,"tictactoe"
188,3.103,23.267,3.127,0,1,2,"tictactoe"
189,12.975,7.268,7.268,0,0,2,"tictactoe"
190,16.954,5.696,17.052,0,1,2,"tictactoe"
191,51.373,11.119,9.103,0,1,2,"tictactoe"
192,33.542,18.846,18.846,0,0,2,"tictactoe"
193,12.31,10.685,2.009,0,1,2,"tictactoe"
194,39.121,10.176,6.917,0,1,2,"tictactoe"
195,15.391,9.362,9.362,0,0,2,"tictactoe"
196,32.136,45.338,45.338,0,0,2,"tictactoe"
197,9.968,8.42,8.42,0,0,2,"tictactoe"
198,11.02,4.723,4.723,0,0,2,"tictactoe"
199,19.645,12.32,12.32,0,0,2,"tictactoe"
200,6.246,6.473,1.119,1,1,2,"tictactoe"
201,4.212,12.326,1.894,0,1,2,"tictactoe"
202,4.851,3.691,3.691,0,0,2,"tictactoe"
203,9.306,7.075,7.075,0,0,2,"tictactoe"
204,5.562,6.128,6.128,0,0,2,"tictactoe"
205,16.605,12.194,4.155,0,1,2,"tictactoe"
206,7.512,31.84,9.186,0,1,2,"tictactoe"
207,9.785,33.338,33.338,0,0,2,"tictactoe"
208,5.239,12.96,2.589,0,1,2,"tictactoe"
209,4.045,5.234,9.77,0,1,2,"tictactoe"
210,24.559,7.616,7.616,0,0,2,"tictactoe"
211,8.345,3.181,3.181,0,0,2,"tictactoe"
212,10.66,19.662,19.662,0,0,2,"tictactoe"
213,19.864,23.629,23.629,0,0,2,"tictactoe"
214,5.91,5.348,5.348,0,0,2,"tictactoe"
215,13.975,10.458,1.233,1,1,2,"tictactoe"
216,7.041,6.149,1.423,0,1,2,"tictactoe"
217,4.683,9.946,9.946,0,0,2,"tictactoe"
218,9.283,32.175,32.175,0,0,2,"tictactoe"
219,36.13,16.048,16.048,0,0,2,"tictactoe"
220,11.207,5.715,8.131,0,1,2,"tictactoe"
221,16.565,12.277,1.657,0,1,2,"tictactoe"
222,7.237,9.387,9.387,0,0,2,"tictactoe"
223,10.958,25.823,2.566,0,1,2,"tictactoe"
224,9.252,30.829,1.424,0,1,2,"tictactoe"
225,5.653,1.483,1.483,0,0,2,"tictactoe"
226,8.314,12.757,12.757,0,0,2,"tictactoe"
227,11.869,19.532,19.532,0,0,2,"tictactoe"
228,10.559,3.951,3.951,0,0,2,"tictactoe"
229,18.728,13.079,13.079,0,0,2,"tictactoe"
230,8.483,9.519,1.143,1,1,2,"tictactoe"
231,5.869,8.264,0.79,1,1,2,"tictactoe"
232,4.602,14.578,14.578,0,0,2,"tictactoe"
233,7.882,11.826,11.826,1,0,2,"tictactoe"
234,11.187,3.362,3.362,0,0,2,"tictactoe"
235,5.66,7.249,7.249,1,0,2,"tictactoe"
236,5.574,3.808,3.808,0,0,2,"tictactoe"
237,7.625,16.375,0.576,1,1,2,"tictactoe"
238,16.853,6.243,4.269,0,1,2,"tictactoe"
239,10.565,2.888,2.888,0,0,2,"tictactoe"
240,9.828,15.872,15.872,0,0,2,"tictactoe"
241,13.29,11.061,0.807,1,1,2,"tictactoe"
242,12.489,9.001,0.829,1,1,2,"tictactoe"
243,11.233,23.14,23.14,0,0,2,"tictactoe"
245,15.594,19.675,2.962,0,1,2,"tictactoe"
246,9.104,1.985,6.912,0,1,2,"tictactoe"
247,3.714,5.268,5.268,0,0,2,"tictactoe"
248,4.337,7.869,0.834,0,1,2,"tictactoe"
249,13.547,20.479,0.975,0,1,2,"tictactoe"
250,10.491,13.933,13.933,0,0,2,"tictactoe"
251,8.724,5.73,5.73,0,0,2,"tictactoe"
252,9.713,8.537,8.537,0,0,2,"tictactoe"
253,9.532,10.539,10.539,0,0,2,"tictactoe"
254,10.012,40.091,40.091,0,0,2,"tictactoe"
255,12.923,8.417,0.448,1,1,2,"tictactoe"
256,5.72,7.86,0.343,1,1,2,"tictactoe"
257,3.78,12.381,12.381,0,0,2,"tictactoe"
258,9.948,3.389,3.389,1,0,2,"tictactoe"
259,2.713,1.944,1.944,0,0,2,"tictactoe"
260,10.72,8.52,8.52,1,0,2,"tictactoe"
261,8.117,17.004,17.004,0,0,2,"tictactoe"
262,4.837,10.552,0.579,1,1,2,"tictactoe"
263,19.375,11.738,0.941,0,1,2,"tictactoe"
264,4.599,7.692,7.692,0,0,2,"tictactoe"
265,5.286,3.032,3.032,0,0,2,"tictactoe"
266,7.296,9.029,0.31,1,1,2,"tictactoe"
267,9.401,12.49,0.26,1,1,2,"tictactoe"
268,17.206,13.926,13.926,0,0,2,"tictactoe"
1,24.988,41.918,12.6,0,1,3,"tictactoe"
2,42.344,26.12,30.315,0,1,3,"tictactoe"
3,19.581,23.647,23.647,0,0,3,"tictactoe"
4,39.525,25.229,55.21,0,1,3,"tictactoe"
5,44.711,6.379,20.644,0,1,3,"tictactoe"
6,21.668,45.82,45.82,0,0,3,"tictactoe"
7,38.923,80.119,80.119,0,0,3,"tictactoe"
8,70.099,13.241,13.241,0,0,3,"tictactoe"
9,35.518,25.551,25.551,0,0,3,"tictactoe"
10,1.452,3.128,3.128,0,0,3,"tictactoe"
11,15.89,15.426,22.457,0,1,3,"tictactoe"
12,15.943,34.923,60.344,0,1,3,"tictactoe"
13,37.197,29.987,29.987,0,0,3,"tictactoe"
14,10.838,22.311,22.311,0,0,3,"tictactoe"
15,13.726,21.287,21.287,0,0,3,"tictactoe"
16,75.185,36.409,36.409,0,0,3,"tictactoe"
17,0.564,0.412,0.412,0,0,3,"tictactoe"
18,38.486,73.69,22.232,0,1,3,"tictactoe"
19,2.792,37.79,34.365,0,1,3,"tictactoe"
20,26.902,46.67,46.67,0,0,3,"tictactoe"
21,22.031,15.482,15.482,0,0,3,"tictactoe"
22,34.101,11.551,11.551,0,0,3,"tictactoe"
23,52.067,18.225,18.225,0,0,3,"tictactoe"
24,0.987,0.386,0.386,0,0,3,"tictactoe"
25,13.585,28.752,101.101,0,1,3,"tictactoe"
26,6.161,54.01,8.869,0,1,3,"tictactoe"
27,28.005,21.55,21.55,0,0,3,"tictactoe"
28,26.687,49.01,49.01,0,0,3,"tictactoe"
29,39.05,73.174,73.174,0,0,3,"tictactoe"
30,14.436,14.091,14.091,0,0,3,"tictactoe"
31,0.76,0.28,0.28,0,0,3,"tictactoe"
32,36.829,27.195,82.381,0,1,3,"tictactoe"
33,57.88,14.069,14.824,0,1,3,"tictactoe"
34,46.75,25.669,25.669,0,0,3,"tictactoe"
35,60.15,2.185,2.185,0,0,3,"tictactoe"
36,62.033,36.893,36.893,0,0,3,"tictactoe"
37,53.559,26.33,26.33,0,0,3,"tictactoe"
38,1.833,0.564,0.564,0,0,3,"tictactoe"
39,50.113,20.624,11.855,0,1,3,"tictactoe"
40,10.52,21.162,32.577,0,1,3,"tictactoe"
41,89.196,43.627,43.627,0,0,3,"tictactoe"
42,43.879,62.603,62.603,0,0,3,"tictactoe"
43,33.598,21.445,21.445,0,0,3,"tictactoe"
44,25.851,4.231,4.231,0,0,3,"tictactoe"
45,2.157,0.367,0.367,0,0,3,"tictactoe"
46,14.346,3.655,20.673,0,1,3,"tictactoe"
47,23.501,71.863,13.003,0,1,3,"tictactoe"
48,4.781,4.541,4.541,0,0,3,"tictactoe"
49,23.933,58.278,58.278,0,0,3,"tictactoe"
50,15.123,1.034,1.034,0,0,3,"tictactoe"
51,42.372,5.206,5.206,0,0,3,"tictactoe"
52,0.863,0.25,0.25,0,0,3,"tictactoe"
53,39.918,20.009,2.152,0,1,3,"tictactoe"
54,17.393,6.671,27.93,0,1,3,"tictactoe"
55,26.368,4.602,4.602,0,0,3,"tictactoe"
56,59.242,24.323,24.323,0,0,3,"tictactoe"
57,19.465,16.592,16.592,0,0,3,"tictactoe"
58,80.795,35.634,35.634,0,0,3,"tictactoe"
59,0.873,0.193,0.193,0,0,3,"tictactoe"
60,2.717,14.16,14.16,0,0,3,"tictactoe"
61,15.304,16.768,12.865,0,1,3,"tictactoe"
62,10.637,15.809,3.063,0,1,3,"tictactoe"
63,16.824,11.331,11.331,0,0,3,"tictactoe"
64,11.347,12.097,25.048,0,1,3,"tictactoe"
65,10.692,27.412,1.105,0,1,3,"tictactoe"
66,6.905,9.474,9.474,0,0,3,"tictactoe"
67,50.734,7.935,7.935,0,0,3,"tictactoe"
68,19.026,13.283,13.283,0,0,3,"tictactoe"
69,15.005,10.011,10.011,0,0,3,"tictactoe"
70,0.858,2.735,2.735,0,0,3,"tictactoe"
71,10.147,16.855,14.464,0,1,3,"tictactoe"
72,83.31,16.194,31.987,0,1,3,"tictactoe"
73,9.525,20.383,20.383,0,0,3,"tictactoe"
74,33.711,48.872,48.872,0,0,3,"tictactoe"
75,13.645,31.894,31.894,0,0,3,"tictactoe"
76,14.831,49.004,49.004,0,0,3,"tictactoe"
77,0.709,0.589,0.589,0,0,3,"tictactoe"
78,46.042,28.8,24.775,0,1,3,"tictactoe"
79,5.897,10.105,37.075,0,1,3,"tictactoe"
80,2.632,25.405,25.405,0,0,3,"tictactoe"
81,30.989,9.425,9.425,0,0,3,"tictactoe"
82,16.392,7.243,7.243,0,0,3,"tictactoe"
83,14.349,37.551,37.551,0,0,3,"tictactoe"
84,0.693,0.335,0.335,0,0,3,"tictactoe"
85,76.468,37.104,5.235,0,1,3,"tictactoe"
86,6.748,22.177,30.434,0,1,3,"tictactoe"
87,42.829,33.312,33.312,0,0,3,"tictactoe"
88,54.975,82.436,82.436,0,0,3,"tictactoe"
89,11.883,6.553,6.553,0,0,3,"tictactoe"
90,17.204,4.729,4.729,0,0,3,"tictactoe"
91,2.01,0.236,0.236,0,0,3,"tictactoe"
92,18.706,28.211,24.616,0,1,3,"tictactoe"
93,17.088,17.177,27.641,0,1,3,"tictactoe"
94,9.902,19.837,19.837,0,0,3,"tictactoe"
95,18.797,1.716,1.716,0,0,3,"tictactoe"
96,19.25,2.168,2.168,0,0,3,"tictactoe"
97,15.319,18.329,18.329,0,0,3,"tictactoe"
98,0.557,0.4,0.4,0,0,3,"tictactoe"
99,53.606,1.308,13.807,0,1,3,"tictactoe"
100,30.547,21.768,20.745,0,1,3,"tictactoe"
101,4.805,11.024,11.024,0,0,3,"tictactoe"
102,14.254,32.935,32.935,0,0,3,"tictactoe"
103,13.558,2.856,2.856,0,0,3,"tictactoe"
104,8.913,32.916,32.916,0,0,3,"tictactoe"
105,0.623,1.332,1.332,0,0,3,"tictactoe"
106,5.486,4.827,9.405,0,1,3,"tictactoe"
107,8.351,8.899,19.961,0,1,3,"tictactoe"
108,11.01,14.064,14.064,0,0,3,"tictactoe"
109,51.015,9.657,9.657,0,0,3,"tictactoe"
110,11.296,45.768,45.768,0,0,3,"tictactoe"
111,19.444,11.643,11.643,0,0,3,"tictactoe"
112,0.832,0.232,0.232,0,0,3,"tictactoe"
113,9.312,11.559,19.201,0,1,3,"tictactoe"
114,34.082,18.218,0.989,0,1,3,"tictactoe"
115,5.764,12.854,12.854,0,0,3,"tictactoe"
116,45.021,14.079,14.079,0,0,3,"tictactoe"
117,4.442,18.41,18.41,0,0,3,"tictactoe"
118,13.312,17.778,17.778,0,0,3,"tictactoe"
119,1.162,0.211,0.211,0,0,3,"tictactoe"
120,6.195,5.634,5.634,0,0,3,"tictactoe"
121,6.765,8.885,10.573,1,1,3,"tictactoe"
122,6.494,27.208,2.543,0,1,3,"tictactoe"
123,1.531,12.883,12.883,0,0,3,"tictactoe"
124,35.274,15.722,12.879,0,1,3,"tictactoe"
125,9.226,6.651,25.9,0,1,3,"tictactoe"
126,5.722,14.792,14.792,0,0,3,"tictactoe"
127,11.396,16.033,8.57,0,1,3,"tictactoe"
128,18.254,19.834,14.028,0,1,3,"tictactoe"
129,17.721,26.118,26.118,0,0,3,"tictactoe"
130,8.243,7.762,7.762,0,0,3,"tictactoe"
131,3.003,18.793,18.793,0,0,3,"tictactoe"
132,14.24,10.235,10.235,0,0,3,"tictactoe"
133,21.526,6.352,6.352,0,0,3,"tictactoe"
134,5.627,6.57,6.824,1,1,3,"tictactoe"
135,20.12,3.658,33.138,0,1,3,"tictactoe"
136,26.861,17.391,17.391,0,0,3,"tictactoe"
137,24.018,12.707,12.707,0,0,3,"tictactoe"
138,20.02,19.509,19.509,0,0,3,"tictactoe"
139,8.448,22.003,12.477,0,1,3,"tictactoe"
140,15.185,12.793,23.789,0,1,3,"tictactoe"
141,12.244,8.636,8.636,0,0,3,"tictactoe"
142,6.662,14.959,29.85,0,1,3,"tictactoe"
143,6.381,15.678,11.254,0,1,3,"tictactoe"
144,25.327,10.66,10.66,0,0,3,"tictactoe"
145,7.571,2.249,2.249,0,0,3,"tictactoe"
146,16.56,10.135,10.135,0,0,3,"tictactoe"
147,8.046,69.998,69.998,0,0,3,"tictactoe"
148,6.723,29.074,29.074,0,0,3,"tictactoe"
149,5.415,4.392,6.465,1,1,3,"tictactoe"
150,7.14,32.091,9.282,0,1,3,"tictactoe"
151,9.498,21.394,21.394,0,0,3,"tictactoe"
152,14.309,17.601,17.601,0,0,3,"tictactoe"
153,18.03,17.083,17.083,0,0,3,"tictactoe"
154,13.537,25.551,12.188,0,1,3,"tictactoe"
155,12.064,11.508,10.161,0,1,3,"tictactoe"
156,7.839,8.717,8.717,0,0,3,"tictactoe"
157,3.635,7.433,5.897,0,1,3,"tictactoe"
158,8.077,7.115,6.412,0,1,3,"tictactoe"
159,13.655,10.289,10.289,0,0,3,"tictactoe"
160,8.329,10.61,10.61,0,0,3,"tictactoe"
161,3.315,20.703,20.703,0,0,3,"tictactoe"
162,15.267,6.76,6.76,0,0,3,"tictactoe"
163,7.315,4.998,4.998,0,0,3,"tictactoe"
164,9.794,5.509,3.351,1,1,3,"tictactoe"
165,12.651,9.959,18.696,0,1,3,"tictactoe"
166,25.013,23.991,23.991,0,0,3,"tictactoe"
167,30.853,13.095,13.095,0,0,3,"tictactoe"
168,10.105,4.823,4.823,0,0,3,"tictactoe"
169,6.142,3.334,10.123,1,1,3,"tictactoe"
170,8.093,2.043,15.356,0,1,3,"tictactoe"
171,5.686,2.998,2.998,0,0,3,"tictactoe"
172,16.602,7.193,15.569,0,1,3,"tictactoe"
173,34.856,24.84,13.52,0,1,3,"tictactoe"
174,6.268,10.695,10.695,0,0,3,"tictactoe"
175,10.48,7.438,25.611,0,1,3,"tictactoe"
176,4.986,4.859,11.089,0,1,3,"tictactoe"
177,3.664,1.773,1.773,0,0,3,"tictactoe"
178,26.44,2.691,2.691,0,0,3,"tictactoe"
179,4.538,6.596,6.596,0,0,3,"tictactoe"
180,15.825,14.51,14.51,0,0,3,"tictactoe"
181,16.057,9.194,9.194,0,0,3,"tictactoe"
182,11.875,18.683,1.951,1,1,3,"tictactoe"
183,30.117,10.029,1.931,0,1,3,"tictactoe"
184,9.12,21.11,21.11,0,0,3,"tictactoe"
185,25.632,7.465,7.465,0,0,3,"tictactoe"
186,23.821,10.435,10.435,0,0,3,"tictactoe"
187,9.531,16.26,3.992,1,1,3,"tictactoe"
188,5.918,6.891,1.136,0,1,3,"tictactoe"
189,10.186,2.818,2.818,0,0,3,"tictactoe"
190,10.12,4.114,2.043,0,1,3,"tictactoe"
191,19.04,9.578,2.341,0,1,3,"tictactoe"
192,6.879,6.226,6.226,0,0,3,"tictactoe"
193,5.032,9.699,2.442,0,1,3,"tictactoe"
194,13.941,6.128,1.96,0,1,3,"tictactoe"
195,14.376,13.826,13.826,0,0,3,"tictactoe"
196,36.601,18.944,18.944,0,0,3,"tictactoe"
197,7,2.614,2.614,0,0,3,"tictactoe"
198,5.954,28.077,28.077,0,0,3,"tictactoe"
199,11.446,4.309,4.309,0,0,3,"tictactoe"
200,6.522,5.616,1.6,1,1,3,"tictactoe"
201,20.271,8.406,1.908,0,1,3,"tictactoe"
202,14.839,12.409,12.409,0,0,3,"tictactoe"
203,15.757,3.103,3.103,0,0,3,"tictactoe"
204,9.64,15.169,15.169,0,0,3,"tictactoe"
205,7.853,24.14,0.679,0,1,3,"tictactoe"
206,19.38,4.738,3.304,0,1,3,"tictactoe"
207,32.332,13.564,13.564,0,0,3,"tictactoe"
208,11.113,10.952,2.277,0,1,3,"tictactoe"
209,13.224,23.695,0.925,0,1,3,"tictactoe"
210,14.5,23.912,23.912,0,0,3,"tictactoe"
211,21.914,5.32,5.32,0,0,3,"tictactoe"
212,24.968,4.911,4.911,0,0,3,"tictactoe"
213,24.359,10.318,10.318,0,0,3,"tictactoe"
214,7.967,4.654,4.654,0,0,3,"tictactoe"
215,14.501,8.857,1.057,1,1,3,"tictactoe"
216,7.18,18.933,1.459,0,1,3,"tictactoe"
217,7.351,2.529,2.529,0,0,3,"tictactoe"
218,19.675,15.351,15.351,0,0,3,"tictactoe"
219,16.603,11.286,11.286,0,0,3,"tictactoe"
220,9.927,13.45,10.096,0,1,3,"tictactoe"
221,19.98,9.937,0.646,0,1,3,"tictactoe"
222,4.044,5.93,5.93,0,0,3,"tictactoe"
223,9.709,28.223,6.833,0,1,3,"tictactoe"
224,11.106,8.051,1.112,0,1,3,"tictactoe"
225,4.95,1.756,1.756,0,0,3,"tictactoe"
226,20.352,5.947,5.947,0,0,3,"tictactoe"
227,5.282,19.905,19.905,0,0,3,"tictactoe"
228,9.22,7.636,7.636,0,0,3,"tictactoe"
229,4.201,5.562,5.562,0,0,3,"tictactoe"
230,10.67,9.382,0.451,1,1,3,"tictactoe"
231,12.007,3.913,0.531,1,1,3,"tictactoe"
232,3.262,15.141,15.141,0,0,3,"tictactoe"
233,14.215,6.582,6.582,1,0,3,"tictactoe"
234,14.648,15.018,15.018,0,0,3,"tictactoe"
235,7.537,6.673,6.673,1,0,3,"tictactoe"
236,10.022,4.149,4.149,0,0,3,"tictactoe"
237,7.493,15.984,0.38,1,1,3,"tictactoe"
238,4.798,5.392,10.89,0,1,3,"tictactoe"
239,7.936,21.865,21.865,0,0,3,"tictactoe"
240,16.063,25.255,25.255,0,0,3,"tictactoe"
241,9.982,9.926,0.674,1,1,3,"tictactoe"
242,10.429,5.789,0.731,1,1,3,"tictactoe"
243,21.644,12.332,12.332,0,0,3,"tictactoe"
245,30.688,4.858,3.724,0,1,3,"tictactoe"
246,9.496,77.631,0.437,0,1,3,"tictactoe"
247,2.901,6.589,6.589,0,0,3,"tictactoe"
248,7.901,9.361,1.333,0,1,3,"tictactoe"
249,13.138,17.87,0.962,0,1,3,"tictactoe"
250,6.867,5.934,5.934,0,0,3,"tictactoe"
251,4.974,20.778,20.778,0,0,3,"tictactoe"
252,4.998,2.905,2.905,0,0,3,"tictactoe"
253,3.233,13.25,13.25,0,0,3,"tictactoe"
254,8.179,11.506,11.506,0,0,3,"tictactoe"
255,4.818,7.584,0.313,1,1,3,"tictactoe"
256,9.933,9.078,0.305,1,1,3,"tictactoe"
257,7.351,10.607,10.607,0,0,3,"tictactoe"
258,6.959,10.144,10.144,1,0,3,"tictactoe"
259,4.788,10.015,10.015,0,0,3,"tictactoe"
260,14.022,14.059,14.059,1,0,3,"tictactoe"
261,4.51,27.299,27.299,0,0,3,"tictactoe"
262,7.454,5.697,0.346,1,1,3,"tictactoe"
263,17.312,19.815,0.745,0,1,3,"tictactoe"
264,10.554,6.729,6.729,0,0,3,"tictactoe"
265,3.393,10.023,10.023,0,0,3,"tictactoe"
266,5.313,9.708,0.193,1,1,3,"tictactoe"
267,4.759,6.306,0.376,1,1,3,"tictactoe"
268,14.254,8.971,8.971,0,0,3,"tictactoe"
1,15.104,40.592,14.23,0,1,4,"tictactoe"
2,38.216,22.639,32.758,0,1,4,"tictactoe"
3,11.651,5.334,5.334,0,0,4,"tictactoe"
4,19.851,11.739,59.557,0,1,4,"tictactoe"
5,18.274,22.012,24.232,0,1,4,"tictactoe"
6,18.304,13.994,13.994,0,0,4,"tictactoe"
7,10.392,24.567,24.567,0,0,4,"tictactoe"
8,20.386,38.323,38.323,0,0,4,"tictactoe"
9,86.407,7.698,7.698,0,0,4,"tictactoe"
10,0.969,3.477,3.477,0,0,4,"tictactoe"
11,42.365,27.59,23.426,0,1,4,"tictactoe"
12,14.84,40.382,63.459,0,1,4,"tictactoe"
13,36.9,18.595,18.595,0,0,4,"tictactoe"
14,10.503,48.986,48.986,0,0,4,"tictactoe"
15,31.729,17.573,17.573,0,0,4,"tictactoe"
16,21.99,15.934,15.934,0,0,4,"tictactoe"
17,0.829,0.216,0.216,0,0,4,"tictactoe"
18,41.248,18.928,23.378,0,1,4,"tictactoe"
19,32.819,5.342,39.223,0,1,4,"tictactoe"
20,35.52,17.68,17.68,0,0,4,"tictactoe"
21,28.566,23.041,23.041,0,0,4,"tictactoe"
22,11.071,20.85,20.85,0,0,4,"tictactoe"
23,49.444,18.255,18.255,0,0,4,"tictactoe"
24,1.378,0.241,0.241,0,0,4,"tictactoe"
25,20.961,10.395,105.583,0,1,4,"tictactoe"
26,7.748,3.919,10.034,0,1,4,"tictactoe"
27,23.953,21.932,21.932,0,0,4,"tictactoe"
28,32.492,3.724,3.724,0,0,4,"tictactoe"
29,37.46,3.081,3.081,0,0,4,"tictactoe"
30,45.824,29.285,29.285,0,0,4,"tictactoe"
31,0.918,0.268,0.268,0,0,4,"tictactoe"
32,13.722,14.472,92.263,0,1,4,"tictactoe"
33,14.156,5.016,15.777,0,1,4,"tictactoe"
34,44.221,25.136,25.136,0,0,4,"tictactoe"
35,31.987,75.001,75.001,0,0,4,"tictactoe"
36,19.05,24.429,24.429,0,0,4,"tictactoe"
37,24.965,15.387,15.387,0,0,4,"tictactoe"
38,1.107,0.472,0.472,0,0,4,"tictactoe"
39,18.659,26.37,14.251,0,1,4,"tictactoe"
40,19.007,31.624,39.071,0,1,4,"tictactoe"
41,30.101,12.313,12.313,0,0,4,"tictactoe"
42,52.434,24.153,24.153,0,0,4,"tictactoe"
43,22.356,18.364,18.364,0,0,4,"tictactoe"
44,25.152,38.163,38.163,0,0,4,"tictactoe"
45,2.485,0.375,0.375,0,0,4,"tictactoe"
46,38.333,51.289,22.402,0,1,4,"tictactoe"
47,5.583,25.744,14.517,0,1,4,"tictactoe"
48,39.178,32.829,32.829,0,0,4,"tictactoe"
49,46.041,21.818,21.818,0,0,4,"tictactoe"
50,16.094,27.968,27.968,0,0,4,"tictactoe"
51,14.693,68.062,68.062,0,0,4,"tictactoe"
52,1.096,0.095,0.095,0,0,4,"tictactoe"
53,13.42,20.505,2.33,0,1,4,"tictactoe"
54,37.287,15.711,32.814,0,1,4,"tictactoe"
55,69.987,65.731,65.731,0,0,4,"tictactoe"
56,59.464,43.148,43.148,0,0,4,"tictactoe"
57,5.102,43.078,43.078,0,0,4,"tictactoe"
58,50.447,23.189,23.189,0,0,4,"tictactoe"
59,0.983,0.233,0.233,0,0,4,"tictactoe"
60,56.194,12.548,12.548,0,0,4,"tictactoe"
61,18.868,6.708,19.01,0,1,4,"tictactoe"
62,4.203,15.03,3.501,0,1,4,"tictactoe"
63,30.616,19.574,19.574,0,0,4,"tictactoe"
64,5.182,18.087,26.616,0,1,4,"tictactoe"
65,45.702,15.831,23.102,0,1,4,"tictactoe"
66,6.525,66.068,66.068,0,0,4,"tictactoe"
67,26.993,44.576,44.576,0,0,4,"tictactoe"
68,20.727,17.31,17.31,0,0,4,"tictactoe"
69,12.856,27.378,27.378,0,0,4,"tictactoe"
70,0.926,0.44,0.44,0,0,4,"tictactoe"
71,21.892,19.069,6.685,0,1,4,"tictactoe"
72,77.963,15.387,3.313,0,1,4,"tictactoe"
73,12.359,3.773,3.773,0,0,4,"tictactoe"
74,19.243,44.101,44.101,0,0,4,"tictactoe"
75,8.146,17.14,17.14,0,0,4,"tictactoe"
76,14.261,45.731,45.731,0,0,4,"tictactoe"
77,0.548,0.412,0.412,0,0,4,"tictactoe"
78,37.831,15.665,11.472,0,1,4,"tictactoe"
79,8.719,12.059,5.359,0,1,4,"tictactoe"
80,9.699,24.056,24.056,0,0,4,"tictactoe"
81,55.329,16.475,16.475,0,0,4,"tictactoe"
82,16.308,10.194,10.194,0,0,4,"tictactoe"
83,46.832,24.048,24.048,0,0,4,"tictactoe"
84,0.645,0.38,0.38,0,0,4,"tictactoe"
85,68.861,35.358,15.028,0,1,4,"tictactoe"
86,12.955,13.609,9.659,0,1,4,"tictactoe"
87,18.125,7.492,7.492,0,0,4,"tictactoe"
88,50.315,81.143,81.143,0,0,4,"tictactoe"
89,29.926,18.648,18.648,0,0,4,"tictactoe"
90,41.506,11.98,11.98,0,0,4,"tictactoe"
91,1.003,0.4,0.4,0,0,4,"tictactoe"
92,20.341,9.273,16.13,0,1,4,"tictactoe"
93,16.892,24.921,33.896,0,1,4,"tictactoe"
94,8.76,20.217,20.217,0,0,4,"tictactoe"
95,4.631,24.821,24.821,0,0,4,"tictactoe"
96,2.838,3.923,3.923,0,0,4,"tictactoe"
97,46.701,13.833,13.833,0,0,4,"tictactoe"
98,0.499,0.17,0.17,0,0,4,"tictactoe"
99,36.512,15.053,1.571,0,1,4,"tictactoe"
100,11.264,27.71,14.432,0,1,4,"tictactoe"
101,6.855,30.234,30.234,0,0,4,"tictactoe"
102,13.113,5.943,5.943,0,0,4,"tictactoe"
103,5.776,13.914,13.914,0,0,4,"tictactoe"
104,15.931,15.172,15.172,0,0,4,"tictactoe"
105,0.666,0.514,0.514,0,0,4,"tictactoe"
106,4.429,1.315,16.78,0,1,4,"tictactoe"
107,8.463,18.418,4.208,0,1,4,"tictactoe"
108,5.165,2.183,2.183,0,0,4,"tictactoe"
109,40.756,14.471,14.471,0,0,4,"tictactoe"
110,43.356,30.603,30.603,0,0,4,"tictactoe"
111,12.571,14.628,14.628,0,0,4,"tictactoe"
112,0.538,0.431,0.431,0,0,4,"tictactoe"
113,16.654,16.655,18.15,0,1,4,"tictactoe"
114,39.293,20.033,33.268,0,1,4,"tictactoe"
115,14.485,10.19,10.19,0,0,4,"tictactoe"
116,68.908,3.515,3.515,0,0,4,"tictactoe"
117,13.071,8.615,8.615,0,0,4,"tictactoe"
118,15.755,18.111,18.111,0,0,4,"tictactoe"
119,0.937,0.22,0.22,0,0,4,"tictactoe"
120,6.249,1.989,1.989,0,0,4,"tictactoe"
121,9.574,9.891,10.604,1,1,4,"tictactoe"
122,3.088,59.921,9.996,0,1,4,"tictactoe"
123,5.111,8.476,8.476,0,0,4,"tictactoe"
124,6.748,14.78,19.858,0,1,4,"tictactoe"
125,3.863,26.959,7.8,0,1,4,"tictactoe"
126,10.299,14.562,14.562,0,0,4,"tictactoe"
127,8.33,17.614,13.694,0,1,4,"tictactoe"
128,19.844,14.979,38.703,0,1,4,"tictactoe"
129,6.704,13.011,13.011,0,0,4,"tictactoe"
130,17.932,5.917,5.917,0,0,4,"tictactoe"
131,13.083,12.068,12.068,0,0,4,"tictactoe"
132,7.545,4.411,4.411,0,0,4,"tictactoe"
133,18.451,13.691,13.691,0,0,4,"tictactoe"
134,10.107,4.681,5.919,1,1,4,"tictactoe"
135,45.965,8.187,43.322,0,1,4,"tictactoe"
136,16.697,11.605,11.605,0,0,4,"tictactoe"
137,6.071,35.398,35.398,0,0,4,"tictactoe"
138,18.699,34.107,34.107,0,0,4,"tictactoe"
139,15.704,8.488,14.703,0,1,4,"tictactoe"
140,14.127,6.971,5.872,0,1,4,"tictactoe"
141,11.392,7.602,7.602,0,0,4,"tictactoe"
142,12.401,8.919,23.235,0,1,4,"tictactoe"
143,4.536,15.25,3.699,0,1,4,"tictactoe"
144,14.747,28.246,28.246,0,0,4,"tictactoe"
145,14.451,9.324,9.324,0,0,4,"tictactoe"
146,2.906,25.53,25.53,0,0,4,"tictactoe"
147,7.907,2.56,2.56,0,0,4,"tictactoe"
148,6.227,10.709,10.709,0,0,4,"tictactoe"
149,5.681,5.831,3.044,1,1,4,"tictactoe"
150,32.683,29.575,15.474,0,1,4,"tictactoe"
151,4.822,15.659,15.659,0,0,4,"tictactoe"
152,8.402,8.831,8.831,0,0,4,"tictactoe"
153,5.6,6.573,6.573,0,0,4,"tictactoe"
154,31.509,24.798,19.477,0,1,4,"tictactoe"
155,17.81,13.76,5.289,0,1,4,"tictactoe"
156,10.384,3.876,3.876,0,0,4,"tictactoe"
157,11.582,13.428,7.919,0,1,4,"tictactoe"
158,7.018,20.036,23.952,0,1,4,"tictactoe"
159,13.585,10.046,10.046,0,0,4,"tictactoe"
160,14.964,11.081,11.081,0,0,4,"tictactoe"
161,10.401,20.639,20.639,0,0,4,"tictactoe"
162,7.257,7.424,7.424,0,0,4,"tictactoe"
163,6.714,1.948,1.948,0,0,4,"tictactoe"
164,7.112,10.236,5.139,1,1,4,"tictactoe"
165,44.713,29.508,26.644,0,1,4,"tictactoe"
166,26.75,6.724,6.724,0,0,4,"tictactoe"
167,8.33,20.911,20.911,0,0,4,"tictactoe"
168,21.335,33.642,33.642,0,0,4,"tictactoe"
169,9.083,6.885,6.155,1,1,4,"tictactoe"
170,4.465,39.924,2.751,0,1,4,"tictactoe"
171,13.584,2.779,2.779,0,0,4,"tictactoe"
172,30.566,9.271,0.942,0,1,4,"tictactoe"
173,40.079,6.127,4.151,0,1,4,"tictactoe"
174,11.262,21.389,21.389,0,0,4,"tictactoe"
175,10.439,8.444,4.495,0,1,4,"tictactoe"
176,5.394,29.199,22.095,0,1,4,"tictactoe"
177,8.308,7.554,7.554,0,0,4,"tictactoe"
178,7.02,4.859,4.859,0,0,4,"tictactoe"
179,4.248,12.654,12.654,0,0,4,"tictactoe"
180,8.097,4.833,4.833,0,0,4,"tictactoe"
181,7.817,11.148,11.148,0,0,4,"tictactoe"
182,15.567,15.669,1.83,1,1,4,"tictactoe"
183,29.11,9.63,3.52,0,1,4,"tictactoe"
184,8.894,7.752,7.752,0,0,4,"tictactoe"
185,13.234,11.7,11.7,0,0,4,"tictactoe"
186,18.135,8.578,8.578,0,0,4,"tictactoe"
187,9.992,14.182,2.451,1,1,4,"tictactoe"
188,4.481,7.97,2.687,0,1,4,"tictactoe"
189,4.361,7.523,7.523,0,0,4,"tictactoe"
190,7.94,5.41,19.168,0,1,4,"tictactoe"
191,6.843,28.197,10.904,0,1,4,"tictactoe"
192,10.927,9.343,9.343,0,0,4,"tictactoe"
193,9.599,19.479,2.028,0,1,4,"tictactoe"
194,5.36,15.835,8.081,0,1,4,"tictactoe"
195,27.323,5.783,5.783,0,0,4,"tictactoe"
196,40.373,22.448,22.448,0,0,4,"tictactoe"
197,2.171,10.321,10.321,0,0,4,"tictactoe"
198,41.547,27.487,27.487,0,0,4,"tictactoe"
199,6.839,25.57,25.57,0,0,4,"tictactoe"
200,6.502,5.863,1.161,1,1,4,"tictactoe"
201,12.891,9.715,1.84,0,1,4,"tictactoe"
202,3.414,13.249,13.249,0,0,4,"tictactoe"
203,10.228,11.56,11.56,0,0,4,"tictactoe"
204,8.291,6.155,6.155,0,0,4,"tictactoe"
205,6.848,22.862,4.483,0,1,4,"tictactoe"
206,11.181,5.235,9.364,0,1,4,"tictactoe"
207,15.877,1.513,1.513,0,0,4,"tictactoe"
208,11.679,16.818,2.515,0,1,4,"tictactoe"
209,6.663,13.975,10.032,0,1,4,"tictactoe"
210,5.549,20.328,20.328,0,0,4,"tictactoe"
211,10.49,14.868,14.868,0,0,4,"tictactoe"
212,9.825,6.536,6.536,0,0,4,"tictactoe"
213,13.932,21.636,21.636,0,0,4,"tictactoe"
214,20.755,12.43,12.43,0,0,4,"tictactoe"
215,6.491,16.552,1.214,1,1,4,"tictactoe"
216,11.636,21.444,1.475,0,1,4,"tictactoe"
217,3.221,8.559,8.559,0,0,4,"tictactoe"
218,6.364,25.147,25.147,0,0,4,"tictactoe"
219,9.657,25.589,25.589,0,0,4,"tictactoe"
220,8.91,15.183,8.583,0,1,4,"tictactoe"
221,26.026,4.453,1.758,0,1,4,"tictactoe"
222,5.067,9.63,9.63,0,0,4,"tictactoe"
223,4.749,23.211,2.656,0,1,4,"tictactoe"
224,6.192,19.27,1.419,0,1,4,"tictactoe"
225,5.016,1.553,1.553,0,0,4,"tictactoe"
226,3.615,70.164,70.164,0,0,4,"tictactoe"
227,5.738,6.498,6.498,0,0,4,"tictactoe"
228,9.335,6.518,6.518,0,0,4,"tictactoe"
229,7.318,21.496,21.496,0,0,4,"tictactoe"
230,11.534,6.417,0.958,1,1,4,"tictactoe"
231,9.039,8.051,0.697,1,1,4,"tictactoe"
232,5.896,21.938,21.938,0,0,4,"tictactoe"
233,4.5,10.557,10.557,1,0,4,"tictactoe"
234,26.772,11.674,11.674,0,0,4,"tictactoe"
235,12.011,12.743,12.743,1,0,4,"tictactoe"
236,18.381,0.862,0.862,0,0,4,"tictactoe"
237,7.745,14.927,0.492,1,1,4,"tictactoe"
238,3.727,9.094,4.713,0,1,4,"tictactoe"
239,13.757,22.482,22.482,0,0,4,"tictactoe"
240,27.641,9.171,9.171,0,0,4,"tictactoe"
241,7.725,8.181,0.814,1,1,4,"tictactoe"
242,9.029,7.665,0.737,1,1,4,"tictactoe"
243,13.864,17.254,17.254,0,0,4,"tictactoe"
245,34.198,2.097,2.973,0,1,4,"tictactoe"
246,28.216,15.61,7.043,0,1,4,"tictactoe"
247,7.945,7.339,7.339,0,0,4,"tictactoe"
248,5.214,18.679,0.841,0,1,4,"tictactoe"
249,11.185,17.456,1.053,0,1,4,"tictactoe"
250,5.369,13.348,13.348,0,0,4,"tictactoe"
251,18.399,7.893,7.893,0,0,4,"tictactoe"
252,6.656,3.33,3.33,0,0,4,"tictactoe"
253,8.611,14.536,14.536,0,0,4,"tictactoe"
254,15.875,8.742,8.742,0,0,4,"tictactoe"
255,9.022,9.532,0.442,1,1,4,"tictactoe"
256,9.821,5.748,0.286,1,1,4,"tictactoe"
257,5.157,2.934,2.934,0,0,4,"tictactoe"
258,9.958,9.574,9.574,1,0,4,"tictactoe"
259,3.41,5.752,5.752,0,0,4,"tictactoe"
260,14.181,6.65,6.65,1,0,4,"tictactoe"
261,12.415,21.966,21.966,0,0,4,"tictactoe"
262,6.062,4.936,0.54,1,1,4,"tictactoe"
263,5.757,12.723,0.774,0,1,4,"tictactoe"
264,30.922,9.563,9.563,0,0,4,"tictactoe"
265,3.673,11.31,11.31,0,0,4,"tictactoe"
266,7.389,7.847,0.336,1,1,4,"tictactoe"
267,5.358,7.079,0.259,1,1,4,"tictactoe"
268,21.688,17.345,17.345,0,0,4,"tictactoe"
1,29.495,26.651,14.145,0,1,5,"tictactoe"
2,38.452,25.385,34.182,0,1,5,"tictactoe"
3,7.822,13.183,13.183,0,0,5,"tictactoe"
4,83.104,16.978,60.731,0,1,5,"tictactoe"
5,28.307,11.227,23.9,0,1,5,"tictactoe"
6,23.985,32.362,32.362,0,0,5,"tictactoe"
7,27.491,42.542,42.542,0,0,5,"tictactoe"
8,61.731,38.257,38.257,0,0,5,"tictactoe"
9,20.094,50.141,50.141,0,0,5,"tictactoe"
10,0.99,2.347,2.347,0,0,5,"tictactoe"
11,19.188,20.474,25.612,0,1,5,"tictactoe"
12,22.262,16.999,68.363,0,1,5,"tictactoe"
13,36.488,29.119,29.119,0,0,5,"tictactoe"
14,30.576,28.255,28.255,0,0,5,"tictactoe"
15,5.166,19.562,19.562,0,0,5,"tictactoe"
16,10.119,33.644,33.644,0,0,5,"tictactoe"
17,1.198,0.482,0.482,0,0,5,"tictactoe"
18,44.386,19.328,25.043,0,1,5,"tictactoe"
19,9.628,45.932,40.268,0,1,5,"tictactoe"
20,84.389,63.349,63.349,0,0,5,"tictactoe"
21,34.966,15.851,15.851,0,0,5,"tictactoe"
22,16.221,14.064,14.064,0,0,5,"tictactoe"
23,49.954,17.295,17.295,0,0,5,"tictactoe"
24,1.396,0.25,0.25,0,0,5,"tictactoe"
25,17.33,15.119,112.457,0,1,5,"tictactoe"
26,46.39,38.045,10.297,0,1,5,"tictactoe"
27,25.39,22.543,22.543,0,0,5,"tictactoe"
28,65.757,28.167,28.167,0,0,5,"tictactoe"
29,19.617,13.012,13.012,0,0,5,"tictactoe"
30,28.593,26.852,26.852,0,0,5,"tictactoe"
31,1.401,0.212,0.212,0,0,5,"tictactoe"
32,2.447,21.79,98.799,0,1,5,"tictactoe"
33,14.698,38.688,16.495,0,1,5,"tictactoe"
34,44.607,25.565,25.565,0,0,5,"tictactoe"
35,23.856,36.454,36.454,0,0,5,"tictactoe"
36,30.853,39.011,39.011,0,0,5,"tictactoe"
37,13.4,8.302,8.302,0,0,5,"tictactoe"
38,1.251,0.672,0.672,0,0,5,"tictactoe"
39,24.4,21.549,14.58,0,1,5,"tictactoe"
40,11.839,13.633,39.095,0,1,5,"tictactoe"
41,18.068,5.073,5.073,0,0,5,"tictactoe"
42,46.324,20.321,20.321,0,0,5,"tictactoe"
43,6.211,16.974,16.974,0,0,5,"tictactoe"
44,25.706,15.062,15.062,0,0,5,"tictactoe"
45,2.014,0.666,0.666,0,0,5,"tictactoe"
46,15.817,20.904,23.486,0,1,5,"tictactoe"
47,37.96,31.449,14.481,0,1,5,"tictactoe"
48,18.565,1.077,1.077,0,0,5,"tictactoe"
49,12.499,77.364,77.364,0,0,5,"tictactoe"
50,4.584,29.689,29.689,0,0,5,"tictactoe"
51,42.243,14.661,14.661,0,0,5,"tictactoe"
52,0.923,0.271,0.271,0,0,5,"tictactoe"
53,22.027,15.34,2.467,0,1,5,"tictactoe"
54,28.237,18.613,31.173,0,1,5,"tictactoe"
55,56.915,28.405,28.405,0,0,5,"tictactoe"
56,17.56,11.353,11.353,0,0,5,"tictactoe"
57,13.987,12.828,12.828,0,0,5,"tictactoe"
58,11.235,26.012,26.012,0,0,5,"tictactoe"
59,1.248,0.228,0.228,0,0,5,"tictactoe"
60,46.826,101.845,101.845,0,0,5,"tictactoe"
61,44.701,49.51,16.577,0,1,5,"tictactoe"
62,22.119,24.992,3.595,0,1,5,"tictactoe"
63,39.763,11.442,11.442,0,0,5,"tictactoe"
64,18.969,10.415,42.781,0,1,5,"tictactoe"
65,19.363,3.095,1.276,0,1,5,"tictactoe"
66,29.395,14.258,14.258,0,0,5,"tictactoe"
67,12.325,55.908,55.908,0,0,5,"tictactoe"
68,15.333,34.097,34.097,0,0,5,"tictactoe"
69,10.875,13.005,13.005,0,0,5,"tictactoe"
70,1.135,0.318,0.318,0,0,5,"tictactoe"
71,39.093,44.171,18.542,0,1,5,"tictactoe"
72,80.62,15.973,7.795,0,1,5,"tictactoe"
73,18.623,54.361,54.361,0,0,5,"tictactoe"
74,28.986,22.78,22.78,0,0,5,"tictactoe"
75,38.584,26.114,26.114,0,0,5,"tictactoe"
76,14.519,47.624,47.624,0,0,5,"tictactoe"
77,0.499,0.117,0.117,0,0,5,"tictactoe"
78,37.911,27.676,29.214,0,1,5,"tictactoe"
79,28.915,13.24,11.171,0,1,5,"tictactoe"
80,7.939,71.679,71.679,0,0,5,"tictactoe"
81,19.567,25.413,25.413,0,0,5,"tictactoe"
82,16.155,7.036,7.036,0,0,5,"tictactoe"
83,39.589,17.732,17.732,0,0,5,"tictactoe"
84,0.96,0.281,0.281,0,0,5,"tictactoe"
85,68.029,34.964,25.31,0,1,5,"tictactoe"
86,16.499,17.026,19.337,0,1,5,"tictactoe"
87,11.88,13.127,13.127,0,0,5,"tictactoe"
88,51.337,79.333,79.333,0,0,5,"tictactoe"
89,9.487,28.558,28.558,0,0,5,"tictactoe"
90,20.819,18.164,18.164,0,0,5,"tictactoe"
91,1.001,0.244,0.244,0,0,5,"tictactoe"
92,29.357,9.116,17.422,0,1,5,"tictactoe"
93,10.344,18.575,12.789,0,1,5,"tictactoe"
94,8.537,1.311,1.311,0,0,5,"tictactoe"
95,33.028,18.96,18.96,0,0,5,"tictactoe"
96,13.923,14.733,14.733,0,0,5,"tictactoe"
97,23.473,17.064,17.064,0,0,5,"tictactoe"
98,0.775,0.451,0.451,0,0,5,"tictactoe"
99,21.782,5.514,14.839,0,1,5,"tictactoe"
100,51.472,6.883,19.407,0,1,5,"tictactoe"
101,35.337,12.03,12.03,0,0,5,"tictactoe"
102,6.876,23.141,23.141,0,0,5,"tictactoe"
103,3.939,1.54,1.54,0,0,5,"tictactoe"
104,45.167,19.55,19.55,0,0,5,"tictactoe"
105,1.115,0.412,0.412,0,0,5,"tictactoe"
106,15.366,18.934,32.256,0,1,5,"tictactoe"
107,33.715,18.717,33.664,0,1,5,"tictactoe"
108,6.501,9.806,9.806,0,0,5,"tictactoe"
109,14.599,21.445,21.445,0,0,5,"tictactoe"
110,14.124,21.02,21.02,0,0,5,"tictactoe"
111,4.511,5.126,5.126,0,0,5,"tictactoe"
112,0.501,0.245,0.245,0,0,5,"tictactoe"
113,19.58,2.471,20.765,0,1,5,"tictactoe"
114,20.011,34.84,3.335,0,1,5,"tictactoe"
115,7.813,3.203,3.203,0,0,5,"tictactoe"
116,18.574,9.49,9.49,0,0,5,"tictactoe"
117,11.778,10.403,10.403,0,0,5,"tictactoe"
118,3.361,17.854,17.854,0,0,5,"tictactoe"
119,0.564,0.287,0.287,0,0,5,"tictactoe"
120,47.395,33.32,33.32,0,0,5,"tictactoe"
121,4.914,9.478,13.011,1,1,5,"tictactoe"
122,5.727,5.647,21.913,0,1,5,"tictactoe"
123,12.925,2.232,2.232,0,0,5,"tictactoe"
124,7.13,17.549,12.542,0,1,5,"tictactoe"
125,22.821,13.769,14.4,0,1,5,"tictactoe"
126,23.51,13.964,13.964,0,0,5,"tictactoe"
127,19.217,6.919,13.09,0,1,5,"tictactoe"
128,9.768,10.023,24.032,0,1,5,"tictactoe"
129,14.951,17.396,17.396,0,0,5,"tictactoe"
130,14.788,20.495,20.495,0,0,5,"tictactoe"
131,4.39,13.525,13.525,0,0,5,"tictactoe"
132,19.258,30.249,30.249,0,0,5,"tictactoe"
133,8.076,38.425,38.425,0,0,5,"tictactoe"
134,6.861,5.205,8.391,1,1,5,"tictactoe"
135,16.294,7.341,10.67,0,1,5,"tictactoe"
136,20.01,19.946,19.946,0,0,5,"tictactoe"
137,37.203,17.056,17.056,0,0,5,"tictactoe"
138,20.312,14.521,14.521,0,0,5,"tictactoe"
139,9.729,6.715,31.957,0,1,5,"tictactoe"
140,4.708,11.273,12.154,0,1,5,"tictactoe"
141,7.254,5.974,5.974,0,0,5,"tictactoe"
142,12.705,16.365,16.978,0,1,5,"tictactoe"
143,9.684,16.452,7.827,0,1,5,"tictactoe"
144,4.478,10.297,10.297,0,0,5,"tictactoe"
145,20.938,8.665,8.665,0,0,5,"tictactoe"
146,23.649,8.821,8.821,0,0,5,"tictactoe"
147,24.714,16.863,16.863,0,0,5,"tictactoe"
148,22.23,9.662,9.662,0,0,5,"tictactoe"
149,8.045,5.405,7.212,1,1,5,"tictactoe"
150,27.552,19.538,28.502,0,1,5,"tictactoe"
151,10.58,11.978,11.978,0,0,5,"tictactoe"
152,7.045,19.611,19.611,0,0,5,"tictactoe"
153,9.239,18.031,18.031,0,0,5,"tictactoe"
154,14.115,11.734,14.575,0,1,5,"tictactoe"
155,15.596,12.279,5.816,0,1,5,"tictactoe"
156,24.387,23.052,23.052,0,0,5,"tictactoe"
157,16.171,7.74,13.655,0,1,5,"tictactoe"
158,9.27,5.365,15.477,0,1,5,"tictactoe"
159,13.305,9.934,9.934,0,0,5,"tictactoe"
160,12.45,24.163,24.163,0,0,5,"tictactoe"
161,21.779,26.258,26.258,0,0,5,"tictactoe"
162,16.052,6.851,6.851,0,0,5,"tictactoe"
163,13.6,24.275,24.275,0,0,5,"tictactoe"
164,14.488,12.844,2.511,1,1,5,"tictactoe"
165,24.414,21.964,10.973,0,1,5,"tictactoe"
166,14.605,18.964,18.964,0,0,5,"tictactoe"
167,25.389,26.447,26.447,0,0,5,"tictactoe"
168,26.855,20.319,20.319,0,0,5,"tictactoe"
169,6.783,6.279,11.422,1,1,5,"tictactoe"
170,4.496,11.424,6.474,0,1,5,"tictactoe"
171,8.138,13.907,13.907,0,0,5,"tictactoe"
172,26.147,7.59,11.805,0,1,5,"tictactoe"
173,27.884,4.769,2.668,0,1,5,"tictactoe"
174,14.021,12.874,12.874,0,0,5,"tictactoe"
175,11.779,5.852,4.673,0,1,5,"tictactoe"
176,15.938,5.366,2.786,0,1,5,"tictactoe"
177,15.161,10.352,10.352,0,0,5,"tictactoe"
178,7.08,13.515,13.515,0,0,5,"tictactoe"
179,4.912,0.846,0.846,0,0,5,"tictactoe"
180,42.07,5.436,5.436,0,0,5,"tictactoe"
181,12.26,22.34,22.34,0,0,5,"tictactoe"
182,19.208,13.891,1.217,1,1,5,"tictactoe"
183,9.428,13.417,31.102,0,1,5,"tictactoe"
184,9.657,2.069,2.069,0,0,5,"tictactoe"
185,32.039,33.646,33.646,0,0,5,"tictactoe"
186,7.046,17.559,17.559,0,0,5,"tictactoe"
187,8.957,14.913,3.989,1,1,5,"tictactoe"
188,4.323,5.611,16.921,0,1,5,"tictactoe"
189,11.026,28.772,28.772,0,0,5,"tictactoe"
190,10.514,9.887,3.26,0,1,5,"tictactoe"
191,34.631,20.555,9.76,0,1,5,"tictactoe"
192,7.439,3.422,3.422,0,0,5,"tictactoe"
193,9.364,11.397,16.223,0,1,5,"tictactoe"
194,4.519,20.198,2.56,0,1,5,"tictactoe"
195,19.334,1.491,1.491,0,0,5,"tictactoe"
196,26.373,25.546,25.546,0,0,5,"tictactoe"
197,13.141,9.824,9.824,0,0,5,"tictactoe"
198,21.035,18.347,18.347,0,0,5,"tictactoe"
199,17.659,32.911,32.911,0,0,5,"tictactoe"
200,10.096,4.23,2.281,1,1,5,"tictactoe"
201,26.402,11.724,3.791,0,1,5,"tictactoe"
202,6.329,2.003,2.003,0,0,5,"tictactoe"
203,5.589,8.829,8.829,0,0,5,"tictactoe"
204,10.309,4.654,4.654,0,0,5,"tictactoe"
205,11.35,8.986,10.994,0,1,5,"tictactoe"
206,53.716,20.846,5.499,0,1,5,"tictactoe"
207,19.981,14.14,14.14,0,0,5,"tictactoe"
208,10.706,4.318,2.689,0,1,5,"tictactoe"
209,10.546,7.436,2.118,0,1,5,"tictactoe"
210,16.416,6.892,6.892,0,0,5,"tictactoe"
211,5.05,6.866,6.866,0,0,5,"tictactoe"
212,10.153,11.988,11.988,0,0,5,"tictactoe"
213,8.53,4.15,4.15,0,0,5,"tictactoe"
214,12.425,7.616,7.616,0,0,5,"tictactoe"
215,10.493,14.347,1.306,1,1,5,"tictactoe"
216,13.593,12.72,8.901,0,1,5,"tictactoe"
217,10.486,10.177,10.177,0,0,5,"tictactoe"
218,11.422,7.261,7.261,0,0,5,"tictactoe"
219,11.93,18.025,18.025,0,0,5,"tictactoe"
220,7.017,5.083,3.409,0,1,5,"tictactoe"
221,6.816,15.736,8.632,0,1,5,"tictactoe"
222,4.065,5.325,5.325,0,0,5,"tictactoe"
223,22.455,7.78,3.446,0,1,5,"tictactoe"
224,2.975,13.123,0.376,0,1,5,"tictactoe"
225,4.984,1.456,1.456,0,0,5,"tictactoe"
226,2.979,8.053,8.053,0,0,5,"tictactoe"
227,3.732,9.947,9.947,0,0,5,"tictactoe"
228,4.973,14.598,14.598,0,0,5,"tictactoe"
229,15.095,15.604,15.604,0,0,5,"tictactoe"
230,8.942,6.201,0.436,1,1,5,"tictactoe"
231,7.434,5.858,0.386,1,1,5,"tictactoe"
232,7.563,11.586,11.586,0,0,5,"tictactoe"
233,16.126,9.179,9.179,1,0,5,"tictactoe"
234,7.699,5.692,5.692,0,0,5,"tictactoe"
235,5.568,4.375,4.375,1,0,5,"tictactoe"
236,8.038,10.411,10.411,0,0,5,"tictactoe"
237,6.919,16.37,0.819,1,1,5,"tictactoe"
238,15.695,6.146,1.542,0,1,5,"tictactoe"
239,9.135,10.556,10.556,0,0,5,"tictactoe"
240,10.543,7.333,7.333,0,0,5,"tictactoe"
241,9.603,10.118,0.674,1,1,5,"tictactoe"
242,5.096,11.747,0.737,1,1,5,"tictactoe"
243,13.914,18.248,18.248,0,0,5,"tictactoe"
245,16.054,15.231,4.142,0,1,5,"tictactoe"
246,20.792,4.339,1.35,0,1,5,"tictactoe"
247,9.836,8.634,8.634,0,0,5,"tictactoe"
248,12.178,10.179,1.258,0,1,5,"tictactoe"
249,5.696,2.718,1.531,0,1,5,"tictactoe"
250,5.303,3.661,3.661,0,0,5,"tictactoe"
251,17.751,6.261,6.261,0,0,5,"tictactoe"
252,2.423,0.875,0.875,0,0,5,"tictactoe"
253,5.44,6.644,6.644,0,0,5,"tictactoe"
254,8.918,3.543,3.543,0,0,5,"tictactoe"
255,12.479,8.534,0.321,1,1,5,"tictactoe"
256,6.89,6.634,0.283,1,1,5,"tictactoe"
257,4.347,1.257,1.257,0,0,5,"tictactoe"
258,14.939,8.711,8.711,1,0,5,"tictactoe"
259,2.806,3.742,3.742,0,0,5,"tictactoe"
260,11.758,11.376,11.376,1,0,5,"tictactoe"
261,8.034,7.918,7.918,0,0,5,"tictactoe"
262,12.71,8.096,0.866,1,1,5,"tictactoe"
263,13.22,25.789,1.124,0,1,5,"tictactoe"
264,6.225,15.113,15.113,0,0,5,"tictactoe"
265,12.259,6.829,6.829,0,0,5,"tictactoe"
266,8.627,5.319,0.665,1,1,5,"tictactoe"
267,9.389,5.266,0.562,1,1,5,"tictactoe"
268,16.384,3.572,3.572,0,0,5,"tictactoe"
1,0.781,0.268,1.352,0,1,1,"triangle"
2,2.04,1.236,3.179,0,1,1,"triangle"
3,0.175,0.063,0.063,0,0,1,"triangle"
4,2.736,3.477,2.755,0,1,1,"triangle"
5,1.342,1.063,0.804,0,1,1,"triangle"
6,0.205,0.116,0.116,0,0,1,"triangle"
7,1.013,1.971,1.971,0,0,1,"triangle"
8,1.161,0.269,0.269,0,0,1,"triangle"
9,3.769,2.31,2.31,0,0,1,"triangle"
10,0.14,0.079,0.079,0,0,1,"triangle"
11,0.715,0.334,0.408,0,1,1,"triangle"
12,0.978,1.14,0.508,0,1,1,"triangle"
13,0.205,0.124,0.124,0,0,1,"triangle"
14,2.206,1.051,1.051,0,0,1,"triangle"
15,1.74,0.416,0.416,0,0,1,"triangle"
16,0.541,0.63,0.63,0,0,1,"triangle"
17,0.176,0.033,0.033,0,0,1,"triangle"
18,0.614,0.316,0.316,0,0,1,"triangle"
19,1.813,1.606,0.548,0,1,1,"triangle"
20,4.263,4.044,0.411,0,1,1,"triangle"
21,4.183,1.12,1.12,0,0,1,"triangle"
22,8.321,2.377,0.334,0,1,1,"triangle"
23,6.876,1.246,3.093,0,1,1,"triangle"
24,0.857,3.237,3.37,0,1,1,"triangle"
25,1.042,4.28,6.652,0,1,1,"triangle"
26,6.759,5.096,5.096,0,0,1,"triangle"
27,0.666,2.843,0.284,0,1,1,"triangle"
28,0.663,1.451,0.734,0,1,1,"triangle"
29,4.699,0.478,0.478,0,0,1,"triangle"
30,1.088,3.033,0.8,0,1,1,"triangle"
31,0.853,3.921,0.394,0,1,1,"triangle"
32,3.157,0.288,0.861,0,1,1,"triangle"
33,1.114,1.576,0.41,0,1,1,"triangle"
34,5.223,5.89,5.89,0,0,1,"triangle"
35,1.711,0.349,1.037,0,1,1,"triangle"
36,2.233,0.357,1.761,0,1,1,"triangle"
37,0.758,0.47,0.47,0,0,1,"triangle"
38,1.345,0.483,2.156,0,1,1,"triangle"
39,3.842,5.193,2.287,0,1,1,"triangle"
40,1.072,1.353,0.554,0,1,1,"triangle"
41,0.717,1.239,0.526,0,1,1,"triangle"
42,0.833,0.555,0.555,0,0,1,"triangle"
43,13.247,12.988,8.893,1,1,1,"triangle"
44,1.703,0.658,0.177,0,1,1,"triangle"
45,3.044,0.708,0.708,0,0,1,"triangle"
46,2.067,3.776,2.43,0,1,1,"triangle"
47,0.948,2.931,0.276,0,1,1,"triangle"
48,2.452,1.803,2.508,0,1,1,"triangle"
49,7.315,1.128,1.894,0,1,1,"triangle"
50,7.74,3.891,1.127,0,1,1,"triangle"
51,1.561,2.148,2.546,0,1,1,"triangle"
52,1.706,1.234,1.234,0,0,1,"triangle"
53,4.174,1.196,1.31,0,1,1,"triangle"
54,3.415,2.157,0.574,0,1,1,"triangle"
55,2.801,3.65,1.784,0,1,1,"triangle"
56,4.067,7.863,0.149,0,1,1,"triangle"
57,2.019,5.735,3.163,0,1,1,"triangle"
58,0.964,3.467,2.367,0,1,1,"triangle"
59,0.417,1.366,1.366,0,0,1,"triangle"
60,5.629,6.086,6.086,0,0,1,"triangle"
61,3.423,5.554,5.554,0,0,1,"triangle"
62,1.725,2.92,2.92,0,0,1,"triangle"
63,0.847,1.077,1.077,0,0,1,"triangle"
64,1.419,0.513,0.808,0,1,1,"triangle"
65,7.596,0.217,0.541,0,1,1,"triangle"
66,1.755,4.033,1.536,0,1,1,"triangle"
67,4.998,8.594,1.177,0,1,1,"triangle"
68,13.684,4.805,0.854,0,1,1,"triangle"
69,3.05,0.689,1.468,0,1,1,"triangle"
70,0.564,2.926,2.926,0,0,1,"triangle"
71,3.798,2.111,2.111,0,0,1,"triangle"
72,2.884,3.298,3.298,0,0,1,"triangle"
73,1.508,3.122,3.122,0,0,1,"triangle"
74,0.807,2.552,2.552,0,0,1,"triangle"
75,14.434,11.436,11.436,1,0,1,"triangle"
76,7.44,4.93,4.93,0,0,1,"triangle"
77,1.791,1.238,0.843,0,1,1,"triangle"
78,2.298,3.186,0.834,0,1,1,"triangle"
79,0.863,0.881,0.881,0,0,1,"triangle"
80,4.752,2.074,2.074,0,0,1,"triangle"
81,13.918,18.798,3.264,1,1,1,"triangle"
82,4.773,0.891,0.36,0,1,1,"triangle"
83,0.676,1.308,1.308,0,0,1,"triangle"
84,10.029,2.242,0.338,0,1,1,"triangle"
85,3.723,0.977,0.488,0,1,1,"triangle"
86,2.267,3.96,0.05,0,1,1,"triangle"
87,13.25,5.964,1.065,0,1,1,"triangle"
88,1.208,3.634,1.155,0,1,1,"triangle"
89,1.377,1.679,0.888,0,1,1,"triangle"
90,3.021,2.87,2.87,0,0,1,"triangle"
91,1.074,1.177,1.177,0,0,1,"triangle"
92,3.392,2.431,2.431,0,0,1,"triangle"
93,0.986,3.455,3.455,0,0,1,"triangle"
94,4.111,0.47,0.47,0,0,1,"triangle"
95,3.138,3.12,0.914,0,1,1,"triangle"
96,5.495,3.164,0.178,0,1,1,"triangle"
97,1.527,3.572,3.572,0,0,1,"triangle"
98,8.862,6.926,0.756,0,1,1,"triangle"
99,3.643,1.428,0.961,0,1,1,"triangle"
100,3.86,1.294,0.36,0,1,1,"triangle"
101,5.777,6.168,0.113,0,1,1,"triangle"
102,2.208,1.464,0.107,0,1,1,"triangle"
103,3.553,1.337,0.971,0,1,1,"triangle"
104,0.812,0.303,0.303,0,0,1,"triangle"
105,5.495,3.413,3.413,0,0,1,"triangle"
106,0.977,4.515,4.515,0,0,1,"triangle"
107,1.653,0.532,0.532,0,0,1,"triangle"
108,2.497,1.252,1.252,0,0,1,"triangle"
109,1.496,1.029,0.277,0,1,1,"triangle"
110,13.994,12.2,0.628,1,1,1,"triangle"
111,4.636,0.562,0.562,0,0,1,"triangle"
112,5.547,2.597,0.486,0,1,1,"triangle"
113,0.513,4.969,0.172,0,1,1,"triangle"
114,2.699,3.233,0.269,0,1,1,"triangle"
115,3.739,1.737,0.042,0,1,1,"triangle"
116,0.88,0.561,0.342,0,1,1,"triangle"
117,9.607,4.217,0.609,0,1,1,"triangle"
118,2.002,0.182,0.182,0,0,1,"triangle"
119,1.288,1.196,1.196,0,0,1,"triangle"
120,1.229,2.472,2.472,0,0,1,"triangle"
121,0.648,2.197,2.197,0,0,1,"triangle"
122,1.443,0.665,0.665,0,0,1,"triangle"
1,0.745,0.281,1.351,0,1,2,"triangle"
2,2.327,1.519,3.352,0,1,2,"triangle"
3,0.17,0.085,0.085,0,0,2,"triangle"
4,2.799,3.363,2.772,0,1,2,"triangle"
5,1.296,0.941,0.885,0,1,2,"triangle"
6,0.202,0.114,0.114,0,0,2,"triangle"
7,1.068,2.267,2.267,0,0,2,"triangle"
8,1.087,0.299,0.299,0,0,2,"triangle"
9,3.969,2.885,2.885,0,0,2,"triangle"
10,0.166,0.067,0.067,0,0,2,"triangle"
11,0.741,0.309,0.421,0,1,2,"triangle"
12,1.038,1.037,0.554,0,1,2,"triangle"
13,0.271,0.12,0.12,0,0,2,"triangle"
14,2.556,1.049,1.049,0,0,2,"triangle"
15,1.715,0.462,0.462,0,0,2,"triangle"
16,0.595,0.699,0.699,0,0,2,"triangle"
17,0.158,0.034,0.034,0,0,2,"triangle"
18,0.689,0.34,0.34,0,0,2,"triangle"
19,1.734,1.493,0.511,0,1,2,"triangle"
20,3.72,4.273,0.353,0,1,2,"triangle"
21,4.075,1.14,1.14,0,0,2,"triangle"
22,8.439,2.691,0.398,0,1,2,"triangle"
23,6.08,1.327,3.682,0,1,2,"triangle"
24,0.995,3.423,3.33,0,1,2,"triangle"
25,1.114,5.007,7.72,0,1,2,"triangle"
26,7.37,4.775,4.775,0,0,2,"triangle"
27,0.688,2.549,0.324,0,1,2,"triangle"
28,0.746,1.31,0.789,0,1,2,"triangle"
29,4.533,0.586,0.586,0,0,2,"triangle"
30,1.111,3.169,0.835,0,1,2,"triangle"
31,0.889,4.354,0.286,0,1,2,"triangle"
32,3.213,0.309,0.909,0,1,2,"triangle"
33,1.059,1.633,0.387,0,1,2,"triangle"
34,5.104,6.355,6.355,0,0,2,"triangle"
35,1.85,0.353,1.19,0,1,2,"triangle"
36,1.933,0.328,1.897,0,1,2,"triangle"
37,0.769,0.488,0.488,0,0,2,"triangle"
38,1.413,0.473,2.361,0,1,2,"triangle"
39,3.673,4.827,2.675,0,1,2,"triangle"
40,0.971,1.443,0.584,0,1,2,"triangle"
41,0.71,1.355,0.559,0,1,2,"triangle"
42,0.821,0.567,0.567,0,0,2,"triangle"
43,14.071,13.144,9.686,1,1,2,"triangle"
44,1.68,0.619,0.179,0,1,2,"triangle"
45,2.6,0.762,0.762,0,0,2,"triangle"
46,2.466,4.496,2.395,0,1,2,"triangle"
47,0.895,2.705,0.203,0,1,2,"triangle"
48,2.79,2.318,2.633,0,1,2,"triangle"
49,6.436,1.19,1.703,0,1,2,"triangle"
50,8.28,3.933,1.052,0,1,2,"triangle"
51,1.74,2.11,2.339,0,1,2,"triangle"
52,1.469,1.24,1.24,0,0,2,"triangle"
53,3.928,1.309,1.249,0,1,2,"triangle"
54,3.299,2.516,0.703,0,1,2,"triangle"
55,2.35,4.074,2.139,0,1,2,"triangle"
56,4.301,8.981,0.204,0,1,2,"triangle"
57,1.795,6.727,3.197,0,1,2,"triangle"
58,0.952,4.059,2.496,0,1,2,"triangle"
59,0.319,1.368,1.368,0,0,2,"triangle"
60,5.512,6.464,6.464,0,0,2,"triangle"
61,3.263,6.162,6.162,0,0,2,"triangle"
62,2.028,2.834,2.834,0,0,2,"triangle"
63,0.8,0.956,0.956,0,0,2,"triangle"
64,1.427,0.584,0.907,0,1,2,"triangle"
65,7.984,0.216,0.605,0,1,2,"triangle"
66,1.631,4.411,1.361,0,1,2,"triangle"
67,4.852,9.057,1.274,0,1,2,"triangle"
68,15.121,5.314,1.06,0,1,2,"triangle"
69,2.916,0.706,1.614,0,1,2,"triangle"
70,0.506,3.286,3.286,0,0,2,"triangle"
71,3.398,2.174,2.174,0,0,2,"triangle"
72,2.963,3.399,3.399,0,0,2,"triangle"
73,1.229,3.302,3.302,0,0,2,"triangle"
74,0.655,2.636,2.636,0,0,2,"triangle"
75,13.36,12.052,12.052,1,0,2,"triangle"
76,7.351,5.224,5.224,0,0,2,"triangle"
77,1.948,1.311,0.838,0,1,2,"triangle"
78,2.533,3.133,0.843,0,1,2,"triangle"
79,0.855,1.05,1.05,0,0,2,"triangle"
80,4.724,1.939,1.939,0,0,2,"triangle"
81,14.726,19.638,3.953,1,1,2,"triangle"
82,4.958,0.98,0.382,0,1,2,"triangle"
83,0.685,1.498,1.498,0,0,2,"triangle"
84,10.811,2.487,0.293,0,1,2,"triangle"
85,3.441,1.011,0.497,0,1,2,"triangle"
86,2.114,4.173,0.051,0,1,2,"triangle"
87,13.082,5.944,1.07,0,1,2,"triangle"
88,0.929,3.187,0.976,0,1,2,"triangle"
89,1.328,1.852,0.966,0,1,2,"triangle"
90,3.092,2.936,2.936,0,0,2,"triangle"
91,0.908,1.296,1.296,0,0,2,"triangle"
92,2.989,2.421,2.421,0,0,2,"triangle"
93,0.894,3.46,3.46,0,0,2,"triangle"
94,4.303,0.5,0.5,0,0,2,"triangle"
95,3.023,2.949,1.079,0,1,2,"triangle"
96,5.193,2.961,0.168,0,1,2,"triangle"
97,1.469,3.226,3.226,0,0,2,"triangle"
98,8.75,7.592,0.819,0,1,2,"triangle"
99,3.855,1.522,1.066,0,1,2,"triangle"
100,3.685,1.37,0.322,0,1,2,"triangle"
101,6.057,6.258,0.114,0,1,2,"triangle"
102,2.348,1.605,0.1,0,1,2,"triangle"
103,3.475,1.439,0.918,0,1,2,"triangle"
104,0.756,0.342,0.342,0,0,2,"triangle"
105,5.438,3.549,3.549,0,0,2,"triangle"
106,0.968,4.341,4.341,0,0,2,"triangle"
107,1.798,0.645,0.645,0,0,2,"triangle"
108,2.141,1.387,1.387,0,0,2,"triangle"
109,1.69,1.227,0.277,0,1,2,"triangle"
110,13.522,12.531,0.636,1,1,2,"triangle"
111,4.671,0.48,0.48,0,0,2,"triangle"
112,5.842,2.372,0.633,0,1,2,"triangle"
113,0.589,5.167,0.204,0,1,2,"triangle"
114,2.495,3.514,0.304,0,1,2,"triangle"
115,3.856,1.787,0.061,0,1,2,"triangle"
116,0.888,0.57,0.377,0,1,2,"triangle"
117,9.836,4.461,0.754,0,1,2,"triangle"
118,2.071,0.186,0.186,0,0,2,"triangle"
119,1.104,1.04,1.04,0,0,2,"triangle"
120,1.199,2.763,2.763,0,0,2,"triangle"
121,0.645,2.443,2.443,0,0,2,"triangle"
122,1.596,0.637,0.637,0,0,2,"triangle"
1,0.621,0.283,1.365,0,1,3,"triangle"
2,1.893,1.626,2.572,0,1,3,"triangle"
3,0.172,0.085,0.085,0,0,3,"triangle"
4,2.449,4.107,3.018,0,1,3,"triangle"
5,1.093,1.266,0.799,0,1,3,"triangle"
6,0.162,0.112,0.112,0,0,3,"triangle"
7,0.969,2.255,2.255,0,0,3,"triangle"
8,0.888,0.312,0.312,0,0,3,"triangle"
9,3.615,2.958,2.958,0,0,3,"triangle"
10,0.128,0.086,0.086,0,0,3,"triangle"
11,0.677,0.34,0.469,0,1,3,"triangle"
12,0.929,1.164,0.624,0,1,3,"triangle"
13,0.27,0.087,0.087,0,0,3,"triangle"
14,2.106,1.039,1.039,0,0,3,"triangle"
15,1.748,0.599,0.599,0,0,3,"triangle"
16,0.532,0.756,0.756,0,0,3,"triangle"
17,0.176,0.035,0.035,0,0,3,"triangle"
18,0.546,0.357,0.357,0,0,3,"triangle"
19,1.63,1.832,0.475,0,1,3,"triangle"
20,3.392,4.872,0.413,0,1,3,"triangle"
21,3.984,1.123,1.123,0,0,3,"triangle"
22,7.758,3.088,0.392,0,1,3,"triangle"
23,5.505,1.483,3.023,0,1,3,"triangle"
24,0.756,3.342,2.85,0,1,3,"triangle"
25,0.974,5.192,6.903,0,1,3,"triangle"
26,6.335,5.448,5.448,0,0,3,"triangle"
27,0.626,3.316,0.25,0,1,3,"triangle"
28,0.593,1.484,0.682,0,1,3,"triangle"
29,4.563,0.646,0.646,0,0,3,"triangle"
30,1.036,3.309,0.82,0,1,3,"triangle"
31,0.708,4.364,0.344,0,1,3,"triangle"
32,2.585,0.323,0.759,0,1,3,"triangle"
33,0.93,1.614,0.409,0,1,3,"triangle"
34,4.964,7.41,7.41,0,0,3,"triangle"
35,1.676,0.351,1.053,0,1,3,"triangle"
36,1.746,0.425,1.932,0,1,3,"triangle"
37,0.683,0.556,0.556,0,0,3,"triangle"
38,1.224,0.664,2.247,0,1,3,"triangle"
39,3.5,4.966,2.659,0,1,3,"triangle"
40,0.998,1.8,0.66,0,1,3,"triangle"
41,0.699,1.473,0.554,0,1,3,"triangle"
42,0.96,0.694,0.694,0,0,3,"triangle"
43,12.035,14.721,8.713,1,1,3,"triangle"
44,1.723,0.663,0.17,0,1,3,"triangle"
45,2.423,0.856,0.856,0,0,3,"triangle"
46,2.117,5.157,2.239,0,1,3,"triangle"
47,0.887,2.674,0.269,0,1,3,"triangle"
48,2.288,2.34,2.215,0,1,3,"triangle"
49,5.693,1.185,1.605,0,1,3,"triangle"
50,7.271,4.778,0.997,0,1,3,"triangle"
51,1.513,2.161,2.269,0,1,3,"triangle"
52,1.481,1.509,1.509,0,0,3,"triangle"
53,3.725,1.418,1.035,0,1,3,"triangle"
54,3.472,2.283,0.566,0,1,3,"triangle"
55,2.713,3.83,1.766,0,1,3,"triangle"
56,3.592,8.712,0.192,0,1,3,"triangle"
57,1.517,7.549,2.978,0,1,3,"triangle"
58,0.849,3.96,2.11,0,1,3,"triangle"
59,0.376,1.299,1.299,0,0,3,"triangle"
60,5.179,7.425,7.425,0,0,3,"triangle"
61,3.492,5.802,5.802,0,0,3,"triangle"
62,1.601,3.289,3.289,0,0,3,"triangle"
63,0.679,1.105,1.105,0,0,3,"triangle"
64,1.344,0.577,0.964,0,1,3,"triangle"
65,6.716,0.219,0.657,0,1,3,"triangle"
66,1.462,5.353,1.616,0,1,3,"triangle"
67,4.267,11.073,1.417,0,1,3,"triangle"
68,13.506,5.542,0.883,0,1,3,"triangle"
69,2.652,0.929,1.734,0,1,3,"triangle"
70,0.518,3.513,3.513,0,0,3,"triangle"
71,3.013,2.567,2.567,0,0,3,"triangle"
72,2.871,3.368,3.368,0,0,3,"triangle"
73,1.17,4.107,4.107,0,0,3,"triangle"
74,0.679,3.539,3.539,0,0,3,"triangle"
75,13.047,12.665,12.665,1,0,3,"triangle"
76,6.949,6.378,6.378,0,0,3,"triangle"
77,1.511,1.262,0.673,0,1,3,"triangle"
78,2.155,3.485,0.616,0,1,3,"triangle"
79,0.724,1.224,1.224,0,0,3,"triangle"
80,4.726,2.24,2.24,0,0,3,"triangle"
81,12.291,20.987,3.153,1,1,3,"triangle"
82,4.409,1.304,0.323,0,1,3,"triangle"
83,0.676,1.512,1.512,0,0,3,"triangle"
84,10.523,2.615,0.345,0,1,3,"triangle"
85,3.498,1.405,0.53,0,1,3,"triangle"
86,2.209,4.679,0.034,0,1,3,"triangle"
87,11.48,6.749,1.23,0,1,3,"triangle"
88,1.017,3.603,0.949,0,1,3,"triangle"
89,1.164,1.856,1.09,0,1,3,"triangle"
90,2.858,3.917,3.917,0,0,3,"triangle"
91,0.871,1.556,1.556,0,0,3,"triangle"
92,2.612,2.914,2.914,0,0,3,"triangle"
93,0.779,4.436,4.436,0,0,3,"triangle"
94,3.706,0.591,0.591,0,0,3,"triangle"
95,2.759,3.252,0.884,0,1,3,"triangle"
96,5.318,2.934,0.137,0,1,3,"triangle"
97,1.606,3.749,3.749,0,0,3,"triangle"
98,7.921,8.524,0.722,0,1,3,"triangle"
99,3.322,2.153,0.929,0,1,3,"triangle"
100,3.818,1.373,0.3,0,1,3,"triangle"
101,6.279,7.814,0.108,0,1,3,"triangle"
102,2.055,1.873,0.102,0,1,3,"triangle"
103,3.286,1.697,0.896,0,1,3,"triangle"
104,0.806,0.341,0.341,0,0,3,"triangle"
105,4.809,3.691,3.691,0,0,3,"triangle"
106,0.962,6.011,6.011,0,0,3,"triangle"
107,1.486,0.658,0.658,0,0,3,"triangle"
108,2.1,1.626,1.626,0,0,3,"triangle"
109,1.513,1.229,0.244,0,1,3,"triangle"
110,11.85,15.121,0.606,1,1,3,"triangle"
111,3.889,0.697,0.697,0,0,3,"triangle"
112,5.015,2.48,0.521,0,1,3,"triangle"
113,0.525,5.526,0.2,0,1,3,"triangle"
114,2.423,3.526,0.289,0,1,3,"triangle"
115,4.105,1.738,0.062,0,1,3,"triangle"
116,0.845,0.621,0.367,0,1,3,"triangle"
117,9.526,4.308,0.503,0,1,3,"triangle"
118,1.734,0.184,0.184,0,0,3,"triangle"
119,1.235,1.128,1.128,0,0,3,"triangle"
120,1.11,3.19,3.19,0,0,3,"triangle"
121,0.523,2.869,2.869,0,0,3,"triangle"
122,1.609,0.733,0.733,0,0,3,"triangle"
1,0.703,0.327,1.457,0,1,4,"triangle"
2,2.249,1.3,3.702,0,1,4,"triangle"
3,0.173,0.067,0.067,0,0,4,"triangle"
4,2.36,3.692,3.042,0,1,4,"triangle"
5,1.47,1.021,0.946,0,1,4,"triangle"
6,0.165,0.078,0.078,0,0,4,"triangle"
7,1.004,2.219,2.219,0,0,4,"triangle"
8,1.012,0.341,0.341,0,0,4,"triangle"
9,3.982,2.626,2.626,0,0,4,"triangle"
10,0.164,0.086,0.086,0,0,4,"triangle"
11,0.843,0.292,0.426,0,1,4,"triangle"
12,1.182,1.002,0.621,0,1,4,"triangle"
13,0.186,0.088,0.088,0,0,4,"triangle"
14,2.283,0.884,0.884,0,0,4,"triangle"
15,1.685,0.522,0.522,0,0,4,"triangle"
16,0.58,0.751,0.751,0,0,4,"triangle"
17,0.138,0.032,0.032,0,0,4,"triangle"
18,0.573,0.352,0.352,0,0,4,"triangle"
19,1.831,1.498,0.466,0,1,4,"triangle"
20,4.065,4.807,0.387,0,1,4,"triangle"
21,4.602,0.954,0.954,0,0,4,"triangle"
22,8.683,2.933,0.338,0,1,4,"triangle"
23,6.826,1.396,3.446,0,1,4,"triangle"
24,0.853,2.878,3.23,0,1,4,"triangle"
25,1.044,4.972,7.773,0,1,4,"triangle"
26,7.252,4.763,4.763,0,0,4,"triangle"
27,0.658,2.363,0.326,0,1,4,"triangle"
28,0.745,1.206,0.779,0,1,4,"triangle"
29,5.225,0.48,0.48,0,0,4,"triangle"
30,1.076,2.773,0.775,0,1,4,"triangle"
31,0.793,3.995,0.372,0,1,4,"triangle"
32,3.162,0.355,0.875,0,1,4,"triangle"
33,0.971,1.581,0.384,0,1,4,"triangle"
34,5.259,6.457,6.457,0,0,4,"triangle"
35,1.765,0.351,1.099,0,1,4,"triangle"
36,2.182,0.311,1.869,0,1,4,"triangle"
37,0.617,0.588,0.588,0,0,4,"triangle"
38,1.373,0.523,2.534,0,1,4,"triangle"
39,3.784,5.008,2.568,0,1,4,"triangle"
40,0.962,1.644,0.665,0,1,4,"triangle"
41,0.779,1.287,0.461,0,1,4,"triangle"
42,0.878,0.619,0.619,0,0,4,"triangle"
43,14.081,13.356,9.319,1,1,4,"triangle"
44,1.659,0.673,0.158,0,1,4,"triangle"
45,2.625,0.703,0.703,0,0,4,"triangle"
46,2.257,3.909,2.464,0,1,4,"triangle"
47,0.921,2.764,0.235,0,1,4,"triangle"
48,2.447,2.316,2.659,0,1,4,"triangle"
49,6.47,1.362,1.743,0,1,4,"triangle"
50,8.602,3.908,1.074,0,1,4,"triangle"
51,1.601,1.807,2.395,0,1,4,"triangle"
52,1.408,1.435,1.435,0,0,4,"triangle"
53,3.609,1.319,1.18,0,1,4,"triangle"
54,3.583,2.169,0.695,0,1,4,"triangle"
55,2.378,3.599,2.124,0,1,4,"triangle"
56,3.887,8.663,0.203,0,1,4,"triangle"
57,1.575,6.268,3.034,0,1,4,"triangle"
58,0.91,3.717,2.443,0,1,4,"triangle"
59,0.338,1.375,1.375,0,0,4,"triangle"
60,5.321,6.28,6.28,0,0,4,"triangle"
61,3.646,6.078,6.078,0,0,4,"triangle"
62,2.054,3.093,3.093,0,0,4,"triangle"
63,0.72,0.936,0.936,0,0,4,"triangle"
64,1.398,0.573,0.98,0,1,4,"triangle"
65,6.975,0.217,0.696,0,1,4,"triangle"
66,1.863,4.393,1.674,0,1,4,"triangle"
67,4.73,8.679,1.461,0,1,4,"triangle"
68,14.664,5.7,1.098,0,1,4,"triangle"
69,3.076,0.674,1.765,0,1,4,"triangle"
70,0.486,3.449,3.449,0,0,4,"triangle"
71,3.328,2.157,2.157,0,0,4,"triangle"
72,2.967,3.205,3.205,0,0,4,"triangle"
73,1.357,3.277,3.277,0,0,4,"triangle"
74,0.65,2.75,2.75,0,0,4,"triangle"
75,13.472,11.188,11.188,1,0,4,"triangle"
76,7.755,4.954,4.954,0,0,4,"triangle"
77,1.61,1.413,0.849,0,1,4,"triangle"
78,2.186,3.009,0.857,0,1,4,"triangle"
79,0.75,1.094,1.094,0,0,4,"triangle"
80,5.017,1.948,1.948,0,0,4,"triangle"
81,13.614,19.058,4.059,1,1,4,"triangle"
82,4.962,0.962,0.324,0,1,4,"triangle"
83,0.576,1.288,1.288,0,0,4,"triangle"
84,10.173,2.492,0.349,0,1,4,"triangle"
85,3.787,1.018,0.537,0,1,4,"triangle"
86,2.355,4.23,0.056,0,1,4,"triangle"
87,12.332,6.291,1.254,0,1,4,"triangle"
88,0.939,3.599,1.108,0,1,4,"triangle"
89,1.295,1.962,1.137,0,1,4,"triangle"
90,3.462,3.416,3.416,0,0,4,"triangle"
91,1.015,1.335,1.335,0,0,4,"triangle"
92,3.179,2.343,2.343,0,0,4,"triangle"
93,0.982,3.855,3.855,0,0,4,"triangle"
94,4.635,0.451,0.451,0,0,4,"triangle"
95,3.149,3.298,1.123,0,1,4,"triangle"
96,5.061,2.803,0.179,0,1,4,"triangle"
97,1.54,3.175,3.175,0,0,4,"triangle"
98,9.409,7.375,0.836,0,1,4,"triangle"
99,3.905,1.602,1.179,0,1,4,"triangle"
100,4.002,1.296,0.357,0,1,4,"triangle"
101,5.719,6.126,0.108,0,1,4,"triangle"
102,2.242,1.571,0.089,0,1,4,"triangle"
103,3.508,1.616,1.049,0,1,4,"triangle"
104,0.706,0.287,0.287,0,0,4,"triangle"
105,5.023,3.252,3.252,0,0,4,"triangle"
106,0.792,4.548,4.548,0,0,4,"triangle"
107,1.748,0.511,0.511,0,0,4,"triangle"
108,2.172,1.411,1.411,0,0,4,"triangle"
109,1.416,1.194,0.254,0,1,4,"triangle"
110,14.14,12.908,0.558,1,1,4,"triangle"
111,4.311,0.529,0.529,0,0,4,"triangle"
112,5.19,2.455,0.63,0,1,4,"triangle"
113,0.533,5.353,0.203,0,1,4,"triangle"
114,2.347,3.463,0.318,0,1,4,"triangle"
115,4.194,1.582,0.046,0,1,4,"triangle"
116,0.87,0.668,0.375,0,1,4,"triangle"
117,10.226,3.911,0.697,0,1,4,"triangle"
118,1.867,0.181,0.181,0,0,4,"triangle"
119,1.219,1.188,1.188,0,0,4,"triangle"
120,1.458,3.036,3.036,0,0,4,"triangle"
121,0.704,2.684,2.684,0,0,4,"triangle"
122,1.623,0.548,0.548,0,0,4,"triangle"
1,0.623,0.254,1.468,0,1,5,"triangle"
2,2.192,1.273,3.019,0,1,5,"triangle"
3,0.142,0.084,0.084,0,0,5,"triangle"
4,2.498,3.588,3.137,0,1,5,"triangle"
5,1.236,0.87,0.938,0,1,5,"triangle"
6,0.154,0.097,0.097,0,0,5,"triangle"
7,1.11,2.002,2.002,0,0,5,"triangle"
8,0.976,0.338,0.338,0,0,5,"triangle"
9,3.707,2.532,2.532,0,0,5,"triangle"
10,0.164,0.056,0.056,0,0,5,"triangle"
11,0.786,0.332,0.499,0,1,5,"triangle"
12,0.998,1.171,0.638,0,1,5,"triangle"
13,0.2,0.118,0.118,0,0,5,"triangle"
14,2.094,1.008,1.008,0,0,5,"triangle"
15,1.57,0.461,0.461,0,0,5,"triangle"
16,0.661,0.711,0.711,0,0,5,"triangle"
17,0.128,0.033,0.033,0,0,5,"triangle"
18,0.681,0.35,0.35,0,0,5,"triangle"
19,1.875,1.491,0.473,0,1,5,"triangle"
20,3.585,4.447,0.419,0,1,5,"triangle"
21,3.799,0.979,0.979,0,0,5,"triangle"
22,7.565,2.652,0.381,0,1,5,"triangle"
23,5.692,1.255,3.696,0,1,5,"triangle"
24,0.828,3.073,3.667,0,1,5,"triangle"
25,1.072,4.388,7.675,0,1,5,"triangle"
26,7.285,5.005,5.005,0,0,5,"triangle"
27,0.587,2.677,0.351,0,1,5,"triangle"
28,0.633,1.272,0.83,0,1,5,"triangle"
29,4.772,0.513,0.513,0,0,5,"triangle"
30,1.136,2.717,0.799,0,1,5,"triangle"
31,0.88,4.046,0.397,0,1,5,"triangle"
32,3.071,0.323,0.945,0,1,5,"triangle"
33,0.999,1.675,0.416,0,1,5,"triangle"
34,5.852,6.9,6.9,0,0,5,"triangle"
35,1.661,0.283,1.209,0,1,5,"triangle"
36,2.235,0.3,1.765,0,1,5,"triangle"
37,0.855,0.524,0.524,0,0,5,"triangle"
38,1.488,0.46,2.328,0,1,5,"triangle"
39,4.369,4.839,2.601,0,1,5,"triangle"
40,1.121,1.662,0.666,0,1,5,"triangle"
41,0.788,1.332,0.554,0,1,5,"triangle"
42,0.971,0.619,0.619,0,0,5,"triangle"
43,13.39,13.388,9.73,1,1,5,"triangle"
44,1.729,0.614,0.17,0,1,5,"triangle"
45,2.785,0.769,0.769,0,0,5,"triangle"
46,1.987,3.835,2.617,0,1,5,"triangle"
47,0.947,2.836,0.301,0,1,5,"triangle"
48,2.612,1.998,2.532,0,1,5,"triangle"
49,6.079,1.129,1.617,0,1,5,"triangle"
50,8.095,4.255,1.084,0,1,5,"triangle"
51,1.547,1.763,2.724,0,1,5,"triangle"
52,1.49,1.246,1.246,0,0,5,"triangle"
53,3.665,1.157,1.225,0,1,5,"triangle"
54,3.211,2.157,0.705,0,1,5,"triangle"
55,2.349,3.521,2.207,0,1,5,"triangle"
56,3.619,8.869,0.172,0,1,5,"triangle"
57,1.545,6.031,3.37,0,1,5,"triangle"
58,0.908,3.844,2.616,0,1,5,"triangle"
59,0.35,1.576,1.576,0,0,5,"triangle"
60,4.873,6.884,6.884,0,0,5,"triangle"
61,3.282,5.723,5.723,0,0,5,"triangle"
62,1.842,2.964,2.964,0,0,5,"triangle"
63,0.835,0.839,0.839,0,0,5,"triangle"
64,1.236,0.496,0.876,0,1,5,"triangle"
65,6.737,0.175,0.691,0,1,5,"triangle"
66,1.589,4.848,1.663,0,1,5,"triangle"
67,4.704,9.267,1.448,0,1,5,"triangle"
68,13.301,5.261,1.091,0,1,5,"triangle"
69,2.806,0.78,1.766,0,1,5,"triangle"
70,0.501,3.22,3.22,0,0,5,"triangle"
71,3.462,2.171,2.171,0,0,5,"triangle"
72,2.912,3.013,3.013,0,0,5,"triangle"
73,1.249,3.321,3.321,0,0,5,"triangle"
74,0.78,2.683,2.683,0,0,5,"triangle"
75,12.304,11.53,11.53,1,0,5,"triangle"
76,6.851,5.509,5.509,0,0,5,"triangle"
77,1.698,1.477,0.724,0,1,5,"triangle"
78,2.198,3.462,0.844,0,1,5,"triangle"
79,0.705,1.001,1.001,0,0,5,"triangle"
80,4.887,2.041,2.041,0,0,5,"triangle"
81,13.108,19.669,3.838,1,1,5,"triangle"
82,4.772,0.96,0.35,0,1,5,"triangle"
83,0.591,1.491,1.491,0,0,5,"triangle"
84,9.761,2.204,0.32,0,1,5,"triangle"
85,3.365,1.151,0.555,0,1,5,"triangle"
86,2.412,3.998,0.053,0,1,5,"triangle"
87,12.814,5.511,1.264,0,1,5,"triangle"
88,1.071,3.371,1.154,0,1,5,"triangle"
89,1.156,2.166,1.115,0,1,5,"triangle"
90,3.266,3.155,3.155,0,0,5,"triangle"
91,0.884,1.197,1.197,0,0,5,"triangle"
92,2.692,2.34,2.34,0,0,5,"triangle"
93,0.988,3.856,3.856,0,0,5,"triangle"
94,4.017,0.497,0.497,0,0,5,"triangle"
95,2.984,2.919,1.039,0,1,5,"triangle"
96,5.071,2.773,0.179,0,1,5,"triangle"
97,1.537,2.895,2.895,0,0,5,"triangle"
98,8.42,6.978,0.853,0,1,5,"triangle"
99,3.96,1.54,1.181,0,1,5,"triangle"
100,3.669,1.431,0.358,0,1,5,"triangle"
101,5.775,5.993,0.114,0,1,5,"triangle"
102,2.1,1.44,0.102,0,1,5,"triangle"
103,3.335,1.409,1.038,0,1,5,"triangle"
104,0.647,0.335,0.335,0,0,5,"triangle"
105,4.99,3.109,3.109,0,0,5,"triangle"
106,0.87,4.396,4.396,0,0,5,"triangle"
107,1.677,0.652,0.652,0,0,5,"triangle"
108,2,1.357,1.357,0,0,5,"triangle"
109,1.734,1.19,0.295,0,1,5,"triangle"
110,13.49,13.323,0.657,1,1,5,"triangle"
111,4.683,0.523,0.523,0,0,5,"triangle"
112,5.023,2.34,0.644,0,1,5,"triangle"
113,0.565,5.66,0.208,0,1,5,"triangle"
114,2.65,2.961,0.31,0,1,5,"triangle"
115,4.229,1.586,0.062,0,1,5,"triangle"
116,1.031,0.553,0.386,0,1,5,"triangle"
117,9.336,4.01,0.666,0,1,5,"triangle"
118,1.945,0.181,0.181,0,0,5,"triangle"
119,1.132,1.055,1.055,0,0,5,"triangle"
120,1.418,2.748,2.748,0,0,5,"triangle"
121,0.561,2.187,2.187,0,0,5,"triangle"
122,1.321,0.605,0.605,0,0,5,"triangle"
